Date,Close,High,Low,Open,Volume,Return
2022-01-03,30.06276512145996,30.651624582903967,29.727414293582168,29.75735697767053,391547000,
2022-01-04,29.233373641967773,30.409095675209777,28.29419292188651,30.218464956704405,527154000,-2.758866245806968
2022-01-05,27.550630569458008,29.359127526177748,27.479768693565187,28.893029463658266,498064000,-5.756239745432601
2022-01-06,28.123523712158203,28.383021289445175,27.012676481336786,27.586563706783856,454186000,2.0794193485186296
2022-01-07,27.19432258605957,28.367052077902994,27.004689383729875,28.086595203604723,409939000,-3.3039996538446803
2022-01-10,27.347026824951172,27.415893669977173,25.594421205944393,26.529609965171062,594681000,0.5615298502411825
2022-01-11,27.763221740722656,28.010743386947276,26.78711374014883,27.270177292552447,404089000,1.5219018814569996
2022-01-12,27.944866180419922,28.53971261700627,27.554621408963357,28.012733594807443,383413000,0.6542628279730067
2022-01-13,26.52362060546875,28.42493625647017,26.446767908799874,28.324131697586143,540171000,-5.08589150427563
2022-01-14,26.889911651611328,27.1444197184354,26.159326499116265,26.24915265168228,395832000,1.3809994178059393
2022-01-18,25.852924346923828,26.586504058305138,25.72018204047513,26.209234546842218,424270000,-3.8564176711430753
2022-01-19,25.01853370666504,26.49167977055228,25.003563317549837,26.02857809333129,488315000,-3.227451676498916
2022-01-20,24.10331153869629,25.529549771779315,24.031450230407202,25.255081797321385,435181000,-3.658176688927739
2022-01-21,23.328807830810547,24.775005651877514,23.21802238406454,23.46155010178448,718958000,-3.213266802125203
2022-01-24,23.326812744140625,23.334796698374127,20.847616010504623,22.286827510617645,913982000,-0.008552030109687525
2022-01-25,22.280838012695312,22.898642619197854,21.957465030730408,22.50240891802153,664616000,-4.484001920528325
2022-01-26,22.72797203063965,24.010487462454297,22.256884472463902,23.195067611762184,755959000,2.0068096975955907
2022-01-27,21.901575088500977,23.948610407504805,21.633094151119476,23.52243589687238,573353000,-3.636034666993626
2022-01-28,22.795839309692383,22.813804156653173,21.254823989187226,21.96943921654881,543774000,4.083104605846022
2022-01-31,24.438657760620117,24.461614007193518,23.007430303531233,23.137178118250812,564680000,7.206659200432419
2022-02-01,24.590368270874023,25.09638806614209,23.843813269742828,25.05546696522535,518925000,0.6207808617802568
2022-02-02,25.193199157714844,25.767086343817308,24.505530149134337,25.744131998569852,543419000,2.45149190203402
2022-02-03,23.901704788208008,25.02852196826305,23.734030289044696,24.41071910823277,410178000,-5.1263611319142255
2022-02-04,24.271984100341797,24.587373159445693,23.586312009547193,23.925654836755538,354829000,1.5491753220735482
2022-02-07,24.680191040039062,25.133311835992746,24.15520704406836,24.324878438884706,376868000,1.6818029297057668
2022-02-08,25.05945587158203,25.18121973728533,23.933636493420686,24.31190344360398,410359000,1.5367175680596645
2022-02-09,26.653371810913086,26.67333360228873,25.30398631469552,25.57246536515148,524282000,6.360536906703507
2022-02-10,25.774076461791992,26.87294784160419,25.55051047315788,25.944747316228323,513200000,-3.299002300193299
2022-02-11,23.90269660949707,26.1014383680604,23.727038196145745,25.865894587572004,605472000,-7.260705752421792
2022-02-14,24.2200870513916,24.826911463246145,23.709075818043775,23.887730626740176,440424000,1.3278436616579237
2022-02-15,26.443775177001953,26.49367774510804,24.73608279745119,24.900762795130042,699869000,9.181173134894195
2022-02-16,26.45974349975586,26.530607279677454,25.502597989095346,26.208231811287334,732676000,0.06038594204882397
2022-02-17,24.459625244140625,25.73515460779769,24.11828731195763,25.580453554520883,810595000,-7.559099186406282
2022-02-18,23.59629249572754,24.937693968010514,23.055340541376445,24.620307973876027,761255000,-3.5296237771259342
2022-02-22,23.34477996826172,24.01747672423465,22.955534556689436,22.990466739591504,633422000,-1.065898498721185
2022-02-23,22.343719482421875,24.10830305125006,22.257887203863643,23.755984848582248,566511000,-4.288155584249798
2022-02-24,23.702083587646484,23.75398309385858,20.84960958989138,20.97436790845925,735801000,6.07940010298309
2022-02-25,24.11029815673828,24.170181628932145,23.33579928489238,23.675142133426366,528866000,1.7222729283789873
2022-02-28,24.337858200073242,24.61731757852468,23.66116943855256,23.94561831319899,477319000,0.9438292378452617
2022-03-01,23.431612014770508,24.3298735989293,23.08727967661712,24.244039418095717,412056000,-3.7236069741749422
2022-03-02,24.177291870117188,24.365959685395882,23.373712936549165,23.714111250736686,389642000,3.1823668592524834
2022-03-03,23.67218589782715,24.283106273216287,23.427617067609017,24.219218042700607,365095000,-2.089175144195299
2022-03-04,22.895559310913086,23.63824694769257,22.442359346497184,23.342769336842796,431415000,-3.2807556947470062
2022-03-07,21.314350128173828,22.99238774615269,21.29238955966222,22.776767102643568,450821000,-6.906182815920903
2022-03-08,21.476064682006836,22.333549276082426,20.613587838111286,21.271426231053603,557467000,0.7587121017555765
2022-03-09,22.973419189453125,23.179055323683137,22.207771447985007,22.34752397571556,492742000,6.972201516513454
2022-03-10,22.6180477142334,22.7478176453068,21.843415073164238,22.49127084816649,428066000,-1.5468810815190914
2022-03-11,22.061033248901367,23.10419076158427,22.00712760972228,22.98140654078104,367209000,-2.462699134645052
2022-03-14,21.292387008666992,22.222742745585133,21.12168901899386,21.830436104622745,385354000,-3.48418059826211
2022-03-15,22.932493209838867,22.99737913390775,21.284405208779518,21.480058765436652,491996000,7.702782222135429
2022-03-16,24.452804565429688,24.553626296633002,23.13113987283626,23.458560601182327,671422000,6.629507492619902
2022-03-17,24.722328186035156,24.798192476295053,23.863844107563466,24.077467438937035,471941000,1.1022196651688354
2022-03-18,26.406352996826172,26.5221495744112,24.5805796111346,24.755270261820684,730719000,6.811756555121962
2022-03-21,26.686861038208008,27.10412518053831,25.921213238309566,26.460262007525532,591727000,1.0622748299075946
2022-03-22,26.47722816467285,27.18996980901101,26.026025549438742,26.679869314228366,547007000,-0.7855284037902477
2022-03-23,25.588802337646484,26.565076642038694,25.529906352527405,26.079933507125094,502120000,-3.355433663602847
2022-03-24,28.100357055664062,28.270057336590725,25.861312558771097,26.119856588742397,877379000,9.815053807041817
2022-03-25,27.64316749572754,28.307993440069914,27.222910357307455,27.83682564076314,579016000,-1.6269884365913034
2022-03-28,28.169240951538086,28.200186425941997,27.158026699534492,27.7070580201299,425494000,1.9030867424721043
2022-03-29,28.605472564697266,28.894960233335265,27.93066392483216,28.644403356385414,488984000,1.5486097545534427
2022-03-30,27.64117431640625,28.44575284009706,27.454503782301863,28.25409196032564,463487000,-3.3710271561151584
2022-03-31,27.23788833618164,28.198192021006374,27.22191770517372,27.733014073153115,523440000,-1.4590045111985028
2022-04-01,26.664897918701172,27.44751586683608,26.220682903584812,27.32672893992416,517235000,-2.1036521275378472
2022-04-04,27.31175994873047,27.509410792991396,26.5660773046545,26.680874310241915,397120000,2.4258935173932406
2022-04-05,25.885272979736328,27.270825865218463,25.774468656427768,27.20593995323083,436615000,-5.222977104631621
2022-04-06,24.36396598815918,25.25539113029446,23.96067897755885,24.890037225996842,703833000,-5.877113958844737
2022-04-07,24.165315628051758,24.6784092608977,23.436603251438946,24.397904594724462,557992000,-0.8153449245659194
2022-04-08,23.07823371887207,23.88081687759532,23.021335019105305,23.874826939519217,524781000,-4.498521459069105
2022-04-11,21.87835121154785,22.280640436406088,21.62180443778006,22.174828362922163,575207000,-5.199195579439097
2022-04-12,21.466079711914062,22.684927279513232,21.244471063259667,22.497259071532707,662258000,-1.8843810287503926
2022-04-13,22.163850784301758,22.46032799731564,21.41717046528089,21.689689827546903,516943000,3.250575241274345
2022-04-14,21.220516204833984,22.736838829968864,21.125684399232618,22.465317170334803,569097000,-4.256185392368373
2022-04-18,21.74458885192871,22.049049416277743,21.041829811732452,21.162616730014566,525701000,2.4696507947122637
2022-04-19,22.158855438232422,22.333546077200904,21.27641352942195,21.681697715813993,512781000,1.9051479387570236
2022-04-20,21.444122314453125,22.630027304843697,21.16261996089313,22.477297203232133,468974000,-3.2254965775267985
2022-04-21,20.14740753173828,22.352511560597314,19.964729691481665,21.670715478053655,656209000,-6.046947334565756
2022-04-22,19.480588912963867,20.44987743487539,19.465615971491907,20.26719955217862,624713000,-3.3096993631759886
2022-04-25,19.866907119750977,19.909830566482615,19.062328587721677,19.168140672030763,641566000,1.983093060035901
2022-04-26,18.75486946105957,19.753106067107918,18.6370775110821,19.68322980932217,653143000,-5.5974372457092585
2022-04-27,18.382530212402344,19.133203133217663,18.25775062172566,18.56520619274725,499460000,-1.9852937362763723
2022-04-28,19.747119903564453,20.001671352987184,18.457398144847,18.933556381034744,570327000,7.4232963329577295
2022-04-29,18.514297485351562,20.092509128467537,18.484349698064364,19.367789431189383,500435000,-6.24304923570328
2022-05-02,19.498559951782227,19.53948612130761,18.358573351962736,18.508308488040186,572049000,5.316229077605605
2022-05-03,19.567434310913086,19.79004256378469,19.099261454041525,19.36579084051425,475751000,0.35322792709397977
2022-05-04,20.298145294189453,20.364028903111393,18.717936368444736,19.887870698989126,648855000,3.7343218925173005
2022-05-05,18.810773849487305,19.889867190140663,18.46738053235109,19.831970796985615,626331000,-7.3276224164575465
2022-05-06,18.64206886291504,19.47759284066745,17.958277283967274,18.702962121693464,633297000,-0.8968529839449624
2022-05-09,16.92011070251465,18.22280783313179,16.797326507132865,18.002198783908664,644455000,-9.23694775007461
2022-05-10,17.563974380493164,18.16591176162213,16.994979755458832,17.657808494966158,761474000,3.8053159893500332
2022-05-11,16.600675582885742,17.72169650040984,16.538786536925784,17.316412260690328,670167000,-5.48451493232236
2022-05-12,16.146480560302734,16.758400627921947,15.539553695242823,16.19040360695308,708728000,-2.7360032446586358
2022-05-13,17.674781799316406,17.89639051137193,16.563745173404115,16.758401062861367,670437000,9.46522824776508
2022-05-16,17.233564376831055,17.756640758780897,17.07584388248001,17.478133291928003,521446000,-2.4963104353707855
2022-05-17,18.14495086669922,18.33860905502481,17.602909000272085,18.042131833684838,585830000,5.288438711456811
2022-05-18,16.90813636779785,18.086056216509657,16.83426743111135,17.673784269460523,545161000,-6.816301173740014
2022-05-19,17.093807220458984,17.65581425511469,16.704493580378365,16.907136667863853,621310000,1.0981154198327348
2022-05-20,16.66456413269043,17.379301231839957,15.727219718341468,17.301439650730654,739105000,-2.5111028937708446
2022-05-23,16.868202209472656,16.885172429110426,16.150470255550008,16.245302043892696,639889000,1.221982616291517
2022-05-24,16.125516891479492,16.56773659401327,15.75217672510654,16.48089009745048,588550000,-4.402871798490149
2022-05-25,16.945070266723633,17.080830153303886,15.971788994098624,15.991754187297795,781132000,5.082338636085404
2022-05-26,17.81952667236328,18.060100987600233,15.993750916425844,16.007726172049686,996575000,5.160535730305504
2022-05-27,18.777830123901367,18.847706383566344,18.068083436188743,18.15393222834226,738379000,5.37782775691984
2022-05-31,18.63907814025879,19.166147041089843,18.31764539271089,18.94653372975319,664100000,-0.7389138293778075
2022-06-01,18.287694931030273,19.01940218977042,18.09004412210462,18.690983767171357,544514000,-1.885196288058677
2022-06-02,19.557453155517578,19.584405973838475,18.165912046478592,18.25974616242298,648656000,6.943238222619286
2022-06-03,18.686992645263672,19.297914997640287,18.489341799961554,19.048355791835018,598779000,-4.450786630202563
2022-06-06,18.75287437438965,19.302903402711614,18.53126570006665,19.10525257728722,422406000,0.3525539415389911
2022-06-07,18.892629623413086,18.96649855003817,18.15593002204157,18.43942965955534,388914000,0.7452470817716161
2022-06-08,18.619056701660156,19.15023056017206,18.50623122330773,18.76982140154583,363252000,-1.4480404644883205
2022-06-09,18.019983291625977,18.90360967908765,18.012994188635677,18.45231168223878,395574000,-3.2175282541610395
2022-06-10,16.94765281677246,17.669530104023234,16.842814357055154,17.572680551655733,465248000,-5.950785067330422
2022-06-13,15.622712135314941,16.28667984582384,15.581775412240182,15.975163876009786,604153000,-7.817841773028745
2022-06-14,15.811418533325195,16.041061051837058,15.388075961207294,15.706581027600341,469680000,1.2078978116974115
2022-06-15,16.5013427734375,16.841812985437524,15.901275022625464,16.07001232783044,563936000,4.3634556801982916
2022-06-16,15.5767822265625,15.917253444550337,15.37709287922616,15.835380002777606,545749000,-5.6029412852588
2022-06-17,15.85534954071045,15.970170797325055,15.304206366327632,15.62370932462703,630334000,1.7883495454723564
2022-06-21,16.540287017822266,16.981600402488183,16.381533414039843,16.44942865985989,483089000,4.319914079176623
2022-06-22,16.33460235595703,16.63613355859748,16.15488149414136,16.200809608671182,437135000,-1.2435374406962074
2022-06-23,16.199811935424805,16.55925175967928,15.82838875234843,16.49335423638741,463680000,-0.8251833598083902
2022-06-24,17.099414825439453,17.113393032351116,16.2846815144393,16.47438711137464,472153000,5.55316872566558
2022-06-27,16.842817306518555,17.303102235686215,16.600194433475785,17.28513052368087,427968000,-1.500621638461852
2022-06-28,15.957191467285156,17.175296973833603,15.920248247332506,16.873765723191674,461149000,-5.258181117304172
2022-06-29,15.517874717712402,15.795443069795565,15.146452414426411,15.789452817507586,482352000,-2.7530956839956766
2022-06-30,15.135469436645508,15.542836100215856,14.838930531324044,15.337155541620188,686070000,-2.4642890087932634
2022-07-01,14.500456809997559,15.039618570774806,14.369660585584475,14.875873577381968,577610000,-4.195526470493727
2022-07-05,14.940771102905273,14.947760206321728,14.033182701418724,14.15299631092678,651397000,3.0365546318798176
2022-07-06,15.106514930725098,15.295221689457538,14.766043683803519,14.986701312141356,529066000,1.1093391812126319
2022-07-07,15.833382606506348,15.92024744525078,15.365110796634003,15.432007177555999,492903000,4.811617233455179
2022-07-08,15.813417434692383,16.012108915989483,15.365113989485575,15.406050717209292,467972000,-0.12609542957523479
2022-07-11,15.128480911254883,15.502898821877375,15.014657546488467,15.501899970385464,437321000,-4.331363073581085
2022-07-12,15.058588981628418,15.407047229010848,14.85390726583204,15.244300136553319,458483000,-0.4619890789859027
2022-07-13,15.140460968017578,15.35113388131245,14.442546597436209,14.567352563950944,521918000,0.5436896278200098
2022-07-14,15.348138809204102,15.44898186604473,14.705138394189763,15.084548659761676,456235000,1.371674492772823
2022-07-15,15.737533569335938,15.757502029258568,15.42102524308435,15.634693763078548,385935000,2.537081303293398
2022-07-18,16.076005935668945,16.870769817035264,15.977160590348932,16.276694132734946,670517000,2.1507332444552274
2022-07-19,16.965620040893555,17.08343687318292,16.146893417699648,16.460405101540026,702366000,5.533800552105794
2022-07-20,17.779359817504883,17.905165600723322,16.774922681217973,16.92069597381479,760538000,4.7964045796729415
2022-07-21,18.0219783782959,18.115832315371943,17.517763179344158,17.85723551494267,557049000,1.3646079683484524
2022-07-22,17.292118072509766,17.939111072810018,17.11039945674806,17.86522652815311,536671000,-4.04983454349892
2022-07-25,16.997575759887695,17.09742092220505,16.623157829488665,16.992582454358388,480748000,-1.703332763441634
2022-07-26,16.50733757019043,16.8927380811664,16.452422639321977,16.862783963132348,397865000,-2.884165345826384
2022-07-27,17.762388229370117,17.908161524582788,16.886748654316154,17.005563430899105,569776000,7.602986573959125
2022-07-28,17.95608139038086,18.111839357420962,17.4129271606502,17.947096489128917,474646000,1.0904680075085382
2022-07-29,18.134807586669922,18.21568123422587,17.66453800022714,17.785350474084527,435460000,0.9953518944551432
2022-08-01,18.41237449645996,18.816746510993376,17.9620743588274,18.153775758484443,476469000,1.5305754332572308
2022-08-02,18.497243881225586,18.90860504923339,18.063917500461706,18.09387162144665,489527000,0.4609366639916068
2022-08-03,18.863672256469727,18.938556596561604,18.108845268842018,18.15577319490234,418146000,1.9809890467847424
2022-08-04,19.18517303466797,19.24408146520657,18.73087939960465,18.819741947233144,409652000,1.7043382318518319
2022-08-05,18.959524154663086,19.199151379943174,18.63702558545363,18.780801158866524,386068000,-1.176162860752572
2022-08-08,17.765378952026367,18.2106876713627,17.215235587063688,17.474832214042483,981859000,-6.298392263937802
2022-08-09,17.05947494506836,17.41991456445857,16.698037426611428,17.225217600745857,668263000,-3.973481279877178
2022-08-10,18.06890869140625,18.089876002325298,17.290118776438867,17.67052787955639,597422000,5.917144282507381
2022-08-11,17.914148330688477,18.677962127300052,17.848250796763534,18.10285603043002,509327000,-0.8565008731898582
2022-08-12,18.679954528808594,18.688941333595494,17.925127675885207,18.131807046496085,478094000,4.274868020425093
2022-08-15,19.002458572387695,19.134253654667226,18.584110213938448,18.671972967328774,457666000,1.7264712453219921
2022-08-16,18.849693298339844,19.112285523433606,18.472279819564992,18.8906300185085,451240000,-0.8039237315840442
2022-08-17,18.30653953552246,18.658992249502052,18.116835824302285,18.494249352454208,446799000,-2.8814992064895795
2022-08-18,18.74386215209961,18.835718409468257,18.15477776988283,18.272594646326187,415447000,2.3888874012948147
2022-08-19,17.821290969848633,18.491248793105402,17.74241314234734,18.377425454253068,441588000,-4.921990861673264
2022-08-22,17.007553100585938,17.530739696324186,16.939657886386897,17.462844482125142,409593000,-4.5660994517144555
2022-08-23,17.15433120727539,17.43789077526951,16.94365828212294,16.962629795617797,369986000,0.8630171890182003
2022-08-24,17.195266723632812,17.378981119005086,16.868774654974345,16.98559171254238,522661000,0.23863079162222967
2022-08-25,17.885194778442383,17.919142398294323,16.80687127701837,16.817853882408595,770691000,4.012313771564524
2022-08-26,16.234758377075195,17.896174759315368,16.211793365981354,17.82927933310313,769127000,-9.227947594714003
2022-08-29,15.776472091674805,16.312638221113218,15.742525425220169,15.995132957792901,496132000,-2.822870995404081
2022-08-30,15.443989753723145,16.014102549024937,15.158433454249854,15.935225659002597,530181000,-2.1074568257063664
2022-08-31,15.070570945739746,15.51587876326227,14.9357802643057,15.360120769453241,573710000,-2.4178908037243207
2022-09-01,13.915366172790527,14.357678353574007,13.249401725179203,14.186943313242518,1178865000,-7.665301978992245
2022-09-02,13.625814437866211,14.14900018522791,13.569900664948733,14.078111260206875,743157000,-2.0808057174269146
2022-09-06,13.444098472595215,13.757611180820414,13.330275114521564,13.709685355906469,535751000,-1.3336154407475709
2022-09-07,13.69678020477295,13.820625056780996,13.329242241678006,13.545969780215222,512657000,1.8794992664834087
2022-09-08,13.972432136535645,13.990410135396765,13.352212606554126,13.44209879095268,624873000,2.012530884204722
2022-09-09,14.368935585021973,14.455826240046429,14.108263619948604,14.139223880637113,486612000,2.837755407303333
2022-09-12,14.486787796020508,14.528734878407432,14.18017310182383,14.350958876155167,484159000,0.8201874822334254
2022-09-13,13.114513397216797,13.904520650543393,13.082553985169255,13.784671426649664,714956000,-9.472592669443758
2022-09-14,13.111517906188965,13.273314216178907,12.896787688730967,13.237359163133265,588507000,-0.02284103829934825
2022-09-15,12.912768363952637,13.216386612234736,12.77394293056834,12.998660838373086,523625000,-1.515839307533673
2022-09-16,13.181428909301758,13.195411270329165,12.601158069233653,12.726001122679447,670751000,2.0805805368515395
2022-09-19,13.36519718170166,13.44609580364354,12.993664533666465,12.995661877637879,569685000,1.3941453059783449
2022-09-20,13.159455299377441,13.46606997721802,13.040605238954448,13.198406839856672,524818000,-1.5393853119196832
2022-09-21,13.244348526000977,14.013382133890827,13.093538106056018,13.1964094143311,807679000,0.6451120102786589
2022-09-22,12.545228004455566,13.132489995982901,12.412395581267017,13.053588717680212,759162000,-5.278632770595804
2022-09-23,12.500285148620605,12.595166136683892,12.241610515089357,12.404405964748552,663309000,-0.3582466242861404
2022-09-26,12.212646484375,12.643106039060946,12.198664123420288,12.475316755127498,547343000,-2.301056822510539
2022-09-27,12.397412300109863,12.720006642409889,12.242607210323687,12.491294121076365,553854000,1.5129056259120865
2022-09-28,12.720008850097656,12.806899506976707,12.338488516455438,12.394417959508273,542414000,2.6021281068867363
2022-09-29,12.204654693603516,12.484302809850691,11.930998608375686,12.43236806444283,532763000,-4.051523568634819
2022-09-30,12.123758316040039,12.617138488258727,12.059838544347494,12.071823561069651,565638000,-0.6628321701381279
2022-10-03,12.49629020690918,12.662082145584952,12.089800688912364,12.331497416498822,547478000,3.072742636054304
2022-10-04,13.150468826293945,13.203402735078242,12.86283029973038,12.86283029973038,584182000,5.234982611263872
2022-10-05,13.192414283752441,13.304274120258059,12.605153237647787,12.894789072692479,507131000,0.3189654909840689
2022-10-06,13.11351490020752,13.638854510072967,13.086548373024156,13.203402054182803,644157000,-0.5980662966451389
2022-10-07,12.060836791992188,12.654090789293177,12.00690469700817,12.489298012265124,672478000,-8.027429077757587
2022-10-10,11.655346870422363,12.10877633421103,11.393675761746923,12.02188568072584,698699000,-3.3620380456441445
2022-10-11,11.571451187133789,11.831123965214879,11.268831233353577,11.546482009689733,667482000,-0.7198042599785293
2022-10-12,11.485560417175293,11.720265004547636,11.330755304332975,11.564461695947893,492590000,-0.7422644625075026
2022-10-13,11.94498348236084,12.062835356186497,10.799423302844042,10.95722491597618,850103000,4.000005646207172
2022-10-14,11.21290397644043,12.095793879242922,11.189933090714273,12.041861778962122,713432000,-6.128761140620009
2022-10-17,11.873071670532227,11.932996747101859,11.502538201372328,11.503536397037033,580774000,5.887571100928746
2022-10-18,11.951973915100098,12.476314329749629,11.603412151905342,12.328500398811965,659362000,0.6645478672860916
2022-10-19,12.035869598388672,12.334494942688758,11.819142034502585,11.864085613152273,523131000,0.7019399798269266
2022-10-20,12.178689002990723,12.752966821066378,12.089800053684597,12.097790381957378,652398000,1.1866147554570716
2022-10-21,12.450347900390625,12.48230826375368,11.872075344682253,12.08280991281554,609494000,2.2306087078271863
2022-10-24,12.583181381225586,12.69404207682602,12.048853249537009,12.492296031938748,517457000,1.0669057756273137
2022-10-25,13.244348526000977,13.28330006623939,12.648098026202799,12.678061042532914,505482000,5.254371885331555
2022-10-26,12.87980842590332,13.371190325371368,12.692044742302587,12.852842851331863,532953000,-2.7524200181081038
2022-10-27,13.159455299377441,13.820624719501696,13.105523203117375,13.612885710217384,583113000,2.171203671878441
2022-10-28,13.816629409790039,13.832610066638065,13.044600239000303,13.087546468385248,521040000,4.993930945178926
2022-10-31,13.480052947998047,13.820625345662009,13.280304257896672,13.760700262393152,486341000,-2.436024386334812
2022-11-01,13.525997161865234,13.907517535389529,13.502027125914925,13.79366034086405,432817000,0.3408311083378246
2022-11-02,13.20240306854248,14.192159017824103,13.194413691854113,13.832611349969781,672628000,-2.3923862281672315
2022-11-03,13.40414810180664,13.7636966949046,12.939732756516582,13.02662341252142,500065000,1.5280932737530284
2022-11-04,14.138226509094238,14.21113480790427,13.679802221837274,13.968439877143796,612576000,5.476501764320685
2022-11-07,14.283042907714844,14.393903593979909,13.936479441145188,14.210134614268167,410061000,1.0242897051299549
2022-11-08,14.583666801452637,14.872303507657966,14.198150808496923,14.782416354106235,595292000,2.104760838990516
2022-11-09,13.75870418548584,14.193158459885122,13.741725330956239,14.144219240509747,454414000,-5.656757159897707
2022-11-10,15.730224609375,15.753195494812513,14.528735003966306,14.781417601209665,700819000,14.32925948047441
2022-11-11,16.306499481201172,16.368421908305677,15.462561149104959,15.787152888563263,655487000,3.663487878505678
2022-11-14,16.2745418548584,16.519235097810885,15.902010008121769,16.19763886291601,527852000,-0.19598091165805576
2022-11-15,16.64507293701172,16.97665487250418,16.3614291584318,16.701002374204336,545876000,2.276752767960133
2022-11-16,15.890023231506348,16.341455364463524,15.853069985925872,16.14170762768842,649547000,-4.536175409760168
2022-11-17,15.657315254211426,16.245576378644603,15.515493358092419,15.695267646270135,710894000,-1.4644911080653022
2022-11-18,15.389653205871582,15.98190906001259,15.101015557178844,15.945953056863983,492072000,-1.709501558818327
2022-11-21,15.297769546508789,15.457568510471011,15.06106664059395,15.127982909179686,404739000,-0.5970482773954733
2022-11-22,16.01786231994629,16.037837664544167,15.103012110863446,15.308753778828079,472866000,4.70717493323618
2022-11-23,16.49825668334961,16.506247963835023,16.027849338465916,16.07778579296999,427241000,2.9991165725348212
2022-11-25,16.249570846557617,16.466297423181434,16.151694328082346,16.297510910083282,167934000,-1.5073461491417528
2022-11-28,15.807127952575684,16.336463192763517,15.70525673572653,16.00587750224232,303741000,-2.722797408989186
2022-11-29,15.619361877441406,15.911994175144146,15.500511825177009,15.8071255294929,298384000,-1.1878569952594176
2022-11-30,16.90607452392578,16.91306749227581,15.581400530805857,15.681299942560486,565298000,8.23793351214135
2022-12-01,17.11786460876465,17.247733765667537,16.618364626853012,16.98200093379881,470977000,1.2527454823361817
2022-12-02,16.85912322998047,16.916067342010866,16.428554479527566,16.64234117792431,371389000,-1.5115283634834942
2022-12-05,16.593385696411133,16.97800081117889,16.455523249439473,16.662316919896963,352255000,-1.5762239230612929
2022-12-06,15.971012115478516,16.556425555356533,15.803179908628083,16.513469290675516,352694000,-3.750732926476996
2022-12-07,16.103878021240234,16.169811994462453,15.6513300790908,15.7562255561555,372388000,0.8319191344983601
2022-12-08,17.151826858520508,17.161817084397192,15.943036203611957,16.25672319872951,515456000,6.507431538528041
2022-12-09,16.983997344970703,17.565416038789124,16.95802427651782,17.142838730956267,465338000,-0.978493515204959
2022-12-12,17.517465591430664,17.520462850697957,16.78020459668349,17.019964378211757,457328000,3.1410052393698207
2022-12-13,18.053926467895508,18.77120879861469,17.69328744757466,18.512467050361487,656589000,3.0624343097169993
2022-12-14,17.656326293945312,18.2337493318541,17.402580576281,17.969013028546826,496888000,-2.20229197597116
2022-12-15,16.935049057006836,17.30268111771984,16.683302133842908,17.12885531683767,478542000,-4.085092362536457
2022-12-16,16.554428100585938,17.02395931877001,16.39358980223308,16.84713627352837,478232000,-2.2475338284503987
2022-12-19,16.23774528503418,16.592389818438555,16.128855034819484,16.55542806937623,354039000,-1.9129794978574255
2022-12-20,16.06891441345215,16.29368979912943,15.83614855958652,16.04793550448502,403260000,-1.0397433179201165
2022-12-21,16.484495162963867,16.610370494528894,16.085894074796574,16.097883108965103,325025000,2.5862403571196735
2022-12-22,15.32365894317627,16.121860588450037,14.867116217993509,16.0779039686439,565045000,-7.041988294525858
2022-12-23,15.19079303741455,15.323659446874593,14.868116110553647,15.180802809610176,349326000,-0.8670638406559239
2022-12-27,14.106878280639648,15.084899302148365,14.041942751760569,15.058925281140848,464902000,-7.135340163645488
2022-12-28,14.021963119506836,14.247736933600988,13.87011470494691,13.913071922510106,351066000,-0.6019415454186716
2022-12-29,14.588396072387695,14.668315992800219,14.212772636992952,14.387597820165574,354923000,4.039612342817089
2022-12-30,14.599384307861328,14.614368696054798,14.218764842042592,14.319663660456738,310490000,0.07532175174782552
2023-01-03,14.300683975219727,14.981003655234762,14.081903121676092,14.836148204062967,401277000,-2.0459789696799735
2023-01-04,14.734249114990234,14.838145196007998,14.226757745256368,14.552431925929696,431324000,3.031779043028937
2023-01-05,14.25073528289795,14.549436068229195,14.133851704136582,14.476509114267246,389168000,-3.2815641185296007
2023-01-06,14.844141006469727,14.994990027309514,14.019966208080364,14.459525782981146,405044000,4.164035832480262
2023-01-09,15.612371444702148,16.039942919360875,15.125858005154026,15.268715599821135,504231000,5.175310837438096
2023-01-10,15.893089294433594,15.946035784394798,15.456526077786554,15.49149092072707,384101000,1.7980474697628646
2023-01-11,15.984997749328613,16.011971174963055,15.547436042925577,15.824159457593446,353285000,0.5782919430724398
2023-01-12,16.494487762451172,16.620361206682915,15.476506765719616,16.083899486490765,551409000,3.1873011251688066
2023-01-13,16.882099151611328,16.905076865313244,16.148833986111153,16.261719936070204,447287000,2.349944992184194
2023-01-17,17.684295654296875,17.710270626929983,16.88209924852682,16.88209924852682,511102000,4.751758033650577
2023-01-18,17.359617233276367,17.855119429799956,17.26471104973789,17.649326132725065,439624000,-1.835970328519243
2023-01-19,16.74823570251465,17.179804849106613,16.714271208962963,17.01896463226559,452932000,-3.521860664011478
2023-01-20,17.82115936279297,17.838142558730407,16.808173556686363,16.993986450014212,564967000,6.406189161269249
2023-01-23,19.17380714416504,19.22575518813864,17.80018219062393,18.045934566497856,655163000,7.590122246457942
2023-01-24,19.245731353759766,19.47550276564291,18.801176728770063,18.808169697179686,496204000,0.3751169971301982
2023-01-25,19.303678512573242,19.350632400488387,18.561421422166926,18.894088631944097,449537000,0.3010909679052265
2023-01-26,19.782197952270508,20.14583427066666,19.258721787064815,19.681299120426033,489535000,2.47890286499326
2023-01-27,20.344635009765625,20.607372500637613,19.38559591313847,19.442538121142203,542142000,2.8431474543533453
2023-01-30,19.142837524414062,20.11985820147362,19.13084848856238,19.93004958460622,488611000,-5.9071960975199955
2023-01-31,19.517459869384766,19.667309459227994,18.931047089844537,19.150826361251877,498017000,1.956984404704487
2023-02-01,20.92205810546875,21.170807752513607,19.5913893538845,19.67130927886173,660477000,7.196624178985744
2023-02-02,21.68729019165039,21.927049958105407,20.679300340238534,20.978999571946993,564276000,3.657537333679506
2023-02-03,21.078899383544922,21.723254810357187,20.76820957509745,20.978999007184377,429366000,-2.8052873490838404
2023-02-06,21.067913055419922,21.548431080233986,20.765214633558085,20.78519509214831,452197000,-0.052120027355773146
2023-02-07,22.15082550048828,22.236739935433913,21.12884786869814,21.360616200100747,664150000,5.140103066780832
2023-02-08,22.182796478271484,22.85512386074339,21.985992961443717,22.364613698348997,559651000,0.14433312105004426
2023-02-09,22.314661026000977,22.99697853291516,22.097878989240208,22.58339300958644,523876000,0.594445104604624
2023-02-10,21.243730545043945,22.055917123650822,20.79018606002947,21.66830661145846,550737000,-4.799223612266335
2023-02-13,21.766210556030273,22.025950766178745,20.941036401408137,21.516460573823032,474919000,2.459455084305895
2023-02-14,22.948030471801758,23.025951590397128,21.34463396769386,21.556421868382394,675474000,5.429608028137278
2023-02-15,22.74123764038086,22.832146250850275,22.08389655154518,22.526452471876695,420575000,-0.9011354228198432
2023-02-16,21.979997634887695,22.52744803558797,21.905071876709787,22.110865240742353,412026000,-3.347399194059053
2023-02-17,21.36661148071289,21.71825874769265,20.95402439345479,21.609368499758,465888000,-2.7906561427523013
2023-02-21,20.634340286254883,21.472499862681932,20.597376640455924,20.978994510105068,410015000,-3.4271751284428498
2023-02-22,20.73324203491211,21.082892354016522,20.400574910962913,20.68629006455199,513184000,0.47930656994692455
2023-02-23,23.640329360961914,23.86410623215734,23.001968589273222,23.416554395207275,1117995000,14.021383250890729
2023-02-24,23.262710571289062,23.450524180326013,22.924050815235166,23.201772660724565,589716000,-1.5973499518852963
2023-02-27,23.477493286132812,23.856113913208368,23.430541317778875,23.646324873974233,452994000,0.9232918674096258
2023-02-28,23.192779541015625,23.80117159295259,23.18278931411265,23.348623650908365,455963000,-1.2127093026807811
2023-03-01,22.6752986907959,23.2327411745783,22.485488184590242,23.168804101489602,460026000,-2.231215319856683
2023-03-02,23.29068374633789,23.356617727044704,22.409565830943126,22.46551148905175,389415000,2.7139005484932532
2023-03-03,23.866106033325195,23.876096260572954,23.106865911464638,23.296676418290033,412393000,2.4706113966181054
2023-03-06,23.530447006225586,24.22375134917666,23.463512664360874,23.867109901704033,437429000,-1.4064256088987204
2023-03-07,23.26866340637207,24.104968314326598,23.221701547557327,23.580404618172988,515154000,-1.112531350484991
2023-03-08,24.160919189453125,24.179904417575,23.4045478535388,23.467495262178186,513573000,3.834581159641126
2023-03-09,23.41653823852539,24.43369248287704,23.363580850091193,24.154922945379216,501257000,-3.0809297655060908
2023-03-10,22.945932388305664,23.60738338746073,22.70713050905303,23.389563980500274,474866000,-2.009715720684435
2023-03-13,22.946929931640625,23.278654989366956,22.27848671220757,22.733108829622278,421890000,0.004347364570245205
2023-03-14,24.043018341064453,24.198888939320003,23.440518418628685,23.476489729466003,474910000,4.776623333444152
2023-03-15,24.207881927490234,24.265832423154546,23.340602676375205,23.741268759575973,524486000,0.6857025357094981
2023-03-16,25.519792556762695,25.566752509117528,23.874158867454014,24.00704975815061,583253000,5.419353222235723
2023-03-17,25.703641891479492,26.37708208145305,25.6466881034461,25.960428483656013,848547000,0.7204186096257059
2023-03-20,25.878490447998047,26.00238801858856,25.109129452450585,25.593727284385547,432747000,0.6802481813929839
2023-03-21,26.177242279052734,26.370082793772077,25.35992270532718,26.15825895724462,547408000,1.1544407184608252
2023-03-22,26.446020126342773,27.566089484334555,26.21521106020196,26.403054661635647,797295000,1.0267615069029512
2023-03-23,27.168418884277344,27.476163665994406,26.667835494751287,27.09248178596672,564889000,2.731597247840667
2023-03-24,26.75676155090332,27.144439836382894,26.33311386181286,27.00855309347375,454920000,-1.5152053386965902
2023-03-27,26.508970260620117,26.977580691716717,26.343107731941966,26.814715931188335,361026000,-0.9260884947223325
2023-03-28,26.3880672454834,26.490982347841836,25.828532839951382,26.42503717383145,356104000,-0.456083408552177
2023-03-29,26.961591720581055,27.055513525700643,26.57491395467883,26.80272526365729,393694000,2.1734235772641552
2023-03-30,27.360258102416992,27.4761628937449,27.079491333000313,27.206386668765525,364516000,1.4786455709572044
2023-03-31,27.75393295288086,27.810884824300686,27.082490132563102,27.117460914270833,433933000,1.4388564939344928
2023-04-03,27.9417781829834,27.97674896673063,27.31330079051416,27.486157467758918,398716000,0.6768238232089496
2023-04-04,27.43020248413086,27.976749146372356,27.284323812201485,27.942776983152683,368592000,-1.8308630735752174
2023-04-05,26.85867691040039,26.97557842011288,26.37308045320567,26.80672004860662,515015000,-2.083563087298068
2023-04-06,27.014549255371094,27.057512816555565,26.40505518671545,26.561924402993725,397654000,0.5803426039588278
2023-04-10,27.55609893798828,27.598063878336834,26.64685475224009,26.80072620018478,395279000,2.0046593318950645
2023-04-11,27.146440505981445,27.766925140537275,27.103475037618352,27.700979959709233,314378000,-1.48663434881956
2023-04-12,26.472999572753906,27.445191173354328,26.426037716955808,27.347272978771652,446259000,-2.4807706670756824
2023-04-13,26.441028594970703,26.864676358029374,26.307140975892153,26.711803507344644,353615000,-0.1207682480231953
2023-04-14,26.73577880859375,26.860675005002047,26.198225472529604,26.481990027168322,395660000,1.114745640716519
2023-04-17,26.97957992553711,26.983576314494652,26.41105214594061,26.542942510363897,321471000,0.9118908362040878
2023-04-18,27.644025802612305,28.086658738816173,27.334283752804854,27.510138201217032,604812000,2.462773248912864
2023-04-19,27.907804489135742,27.976747432102734,27.2093855674829,27.33827814990457,358660000,0.9541978017489461
2023-04-20,27.081493377685547,28.00672503718342,26.97757964609056,27.648021986147068,427713000,-2.9608603276974788
2023-04-21,27.096481323242188,27.160429263560324,26.699811611017537,26.929620174009735,345103000,0.05534386655718926
2023-04-24,27.01954460144043,27.34327496276754,26.64885238383688,26.990569353375054,339282000,-0.2839362088529418
2023-04-25,26.219209671020508,27.22437484436602,26.20322411553106,27.055514550596037,378527000,-2.962059287917296
2023-04-26,26.93361473083496,27.307304704799684,26.682823713649157,26.97957796491873,406337000,2.7247391083800254
2023-04-27,27.203392028808594,27.47216966404172,26.60289125219407,27.340279304100545,377161000,1.0016379185255664
2023-04-28,27.72595977783203,27.734951176667415,27.048521337557332,27.202394701984563,292216000,1.9209654019250122
2023-05-01,28.8859920501709,29.033869862760206,27.756931277189757,27.81688091763852,570329000,4.183921067599461
2023-05-02,28.186573028564453,28.812054544580096,28.05967958921287,28.656183952378868,402730000,-2.421308641197617
2023-05-03,27.778915405273438,28.3434468063841,27.449189488099005,27.8168839597217,383387000,-1.4462830329813214
2023-05-04,27.53911590576172,27.8358682890502,27.21738275503477,27.628040805780497,321850000,-0.8632428444855567
2023-05-05,28.65618324279785,28.731119816226787,27.707971926376775,27.802892348359304,361494000,4.056293385955878
2023-05-08,29.126792907714844,29.19573585601291,28.326459346526057,28.498315501122327,344979000,1.6422621984568453
2023-05-09,28.547271728515625,28.94893830563209,28.426373831725307,28.875000355164328,314869000,-1.9896498081177993
2023-05-10,28.861011505126953,29.088822793586665,28.437363846624915,28.980910779016046,369350000,1.0990184266818526
2023-05-11,28.554269790649414,28.925962552461296,28.22254663595356,28.87200653679025,322149000,-1.0628238529444722
2023-05-12,28.316465377807617,28.756100516190692,28.022708903166627,28.505307600656668,274222000,-0.8328155984562047
2023-05-15,28.928956985473633,28.944944446377114,28.128623434840744,28.48432681161874,293926000,2.1630228190346212
2023-05-16,29.188737869262695,29.845193723113187,28.808055678185124,28.817047075448265,449405000,0.8979960249500429
2023-05-17,30.152936935424805,30.173919403634283,29.40555895083751,29.559430384373677,432535000,3.3033256541642464
2023-05-18,31.651697158813477,31.801572232212237,30.294824908471195,30.384750333663444,748725000,4.970528166454891
2023-05-19,31.2380428314209,31.55378045544039,30.890332187222292,31.509816361590953,473908000,-1.3068946202696607
2023-05-22,31.150110244750977,31.493824430080586,30.654521862103373,30.875337096011975,372000000,-0.28149198445132084
2023-05-23,30.66251564025879,31.262017766354816,30.60556376728732,30.974256822059314,356253000,-1.5653061920522404
2023-05-24,30.51263999938965,30.58158294267241,29.781247533939762,30.184911363622657,721419000,-0.48879107842136893
2023-05-25,37.948463439941406,39.447217938255974,36.60457902009647,38.49101183651756,1543911000,24.36964956392007
2023-05-26,38.913658142089844,39.137471155324974,37.51881748077454,37.858535295090505,714397000,2.543435529810023
2023-05-30,40.077693939208984,41.903176556488546,39.91582970590061,40.56129320908205,923401000,2.9913296582623206
2023-05-31,37.80258560180664,40.26154073982168,37.79059452881708,39.45521159457621,1002580000,-5.6767446272065865
2023-06-01,39.736976623535156,40.01674290011226,38.30816374839411,38.457038285135596,635873000,5.11708654562526
2023-06-02,39.294342041015625,40.46636830283073,39.025564415674026,40.063703080946816,482731000,-1.1139110725836399
2023-06-05,39.13847732543945,39.53214737766458,38.674861888368824,38.876693830155325,396094000,-0.3966594361434539
2023-06-06,38.62190246582031,39.12748282035394,38.116322111286685,38.79775882224138,388729000,-1.3198644784358393
2023-06-07,37.44775390625,39.470284518759414,37.328840938446405,38.88670945650624,511998000,-3.0401106227468055
2023-06-08,38.48200607299805,38.83574884803621,37.47773933461828,37.69657810413266,417772000,2.76185367308619
2023-06-09,38.74181365966797,39.68212760699857,38.53896213031096,39.00861783598584,427717000,0.6751404440222819
2023-06-12,39.45328903198242,39.50125446413874,38.589918877015606,39.171496406477914,388701000,1.8364534468223281
2023-06-13,40.99217224121094,41.07111717890854,39.71110670175383,40.15678156104173,613208000,3.9005194420699274
2023-06-14,42.96574401855469,42.96874019088657,40.52251795887016,40.79432339392405,740465000,4.8145088914308465
2023-06-15,42.62199783325195,43.25753714671118,42.11636509751025,42.57103621355931,568622000,-0.8000470913625657
2023-06-16,42.66096496582031,43.68921622898707,42.629985459114906,43.418413332978865,655709000,0.09142493207570102
2023-06-20,43.776153564453125,43.95802428329941,42.64297902478398,42.966744812657,451153000,2.614072606014184
2023-06-21,43.01370620727539,43.583295347445485,42.04941138244555,43.469375994641815,551603000,-1.741695638140428
2023-06-22,42.99372482299805,43.394430482977334,42.203299468583864,42.222282851099834,417737000,-0.046453528512646614
2023-06-23,42.17831802368164,42.77788036050008,41.98445879780496,42.433133732195444,358140000,-1.8965716570810587
2023-06-26,40.60245895385742,42.73290887794561,40.070844243899195,42.43012776772855,594322000,-3.736182815396838
2023-06-27,41.84555435180664,41.90950699852485,40.41859495947549,40.769337698334375,462175000,3.061625896505271
2023-06-28,41.08710861206055,41.81457999808646,40.488545059577945,40.63044011815251,582639000,-1.8124882116978047
2023-06-29,40.79232406616211,41.569758396555315,40.57048532152346,41.52778911037634,380514000,-0.7174623765370258
2023-06-30,42.271244049072266,42.51906484775984,41.470827697536826,41.649698416136715,501148000,3.625485962779318
2023-07-03,42.382164001464844,42.8668120169638,42.171318861986485,42.48608848507777,198209000,0.2624004920787515
2023-07-05,42.28623962402344,43.14561125771648,42.05440601633571,42.10436890718979,323618000,-0.22633194812348156
2023-07-06,42.07239532470703,42.14834029261051,41.31594563009927,41.81358472410437,303582000,-0.5057065873384503
2023-07-07,42.47209930419922,43.18258476591584,42.14933607210184,42.29123113247118,355881000,0.9500385618820717
2023-07-10,42.14933395385742,42.77987571297271,41.618717966437515,42.625988347315335,353908000,-0.759946778307441
2023-07-11,42.37416458129883,42.72690854272056,42.03641291485393,42.450109532436265,298244000,0.533414425213774
2023-07-12,43.87008285522461,43.903059808967086,42.74590075117866,43.001715152832105,481277000,3.5302602156455976
2023-07-13,45.94357681274414,46.12144500110187,44.459655768689124,44.485637843052004,478204000,4.72644185414981
2023-07-14,45.435951232910156,48.05304701409212,45.0272481306518,46.549139902116565,772075000,-1.1048891162805052
2023-07-17,46.42721939086914,46.46219379188679,45.22909361606182,46.25534736982459,510488000,2.181682414609587
2023-07-18,47.459468841552734,47.86117699331049,45.700750131517545,46.66704612621804,569164000,2.2233712555411067
2023-07-19,47.04277038574219,47.78323273939186,46.708014876201304,47.42949003823852,427502000,-0.8780091012011271
2023-07-20,45.486907958984375,47.052770110424305,45.029240736563175,46.473189933800484,537865000,-3.30733588604587
2023-07-21,44.27678298950195,45.83265398251241,44.067935310129315,45.754707765315004,963769000,-2.6603808079757707
2023-07-24,44.579566955566406,45.076207287411634,44.00798419764258,44.69847992512501,382516000,0.6838436436004125
2023-07-25,45.64579391479492,46.149425329816566,44.89034298033834,44.90833145027088,348081000,2.3917391577429337
2023-07-26,45.4189567565918,46.01952157703273,44.59755574079193,45.98754334626847,364237000,-0.4969508442038584
2023-07-27,45.866634368896484,47.36054650639366,45.71674188711987,46.48518386639015,455976000,0.9856624728389773
2023-07-28,46.71601104736328,46.9928100852104,46.34727984222391,46.63406993246034,331194000,1.851839992521409
2023-07-31,46.695030212402344,47.09573967930946,46.472192750297545,46.7200135632976,251055000,-0.04491144361548072
2023-08-01,46.473182678222656,46.86589846585085,45.9935321648279,46.42621596962975,237858000,-0.4750988128084832
2023-08-02,44.236820220947266,45.80667734864654,43.35546141010275,45.79768501941141,530142000,-4.8121568792906295
2023-08-03,44.482635498046875,45.08519773730657,43.76815517445485,43.76815517445485,324176000,0.5556802588247756
2023-08-04,44.64752197265625,45.60882067268021,44.36073184609566,44.95230057010458,362666000,0.3706760464240455
2023-08-07,45.38398361206055,45.506895294186684,44.53060434183165,45.07820630485827,322154000,1.6495017122234223
2023-08-08,44.63153076171875,45.209109671688076,44.02397106962369,44.82039253545294,353843000,-1.6579700380066176
2023-08-09,42.52306365966797,44.279784996235016,42.10336702177276,44.2418106099287,586449000,-4.7241648808945875
2023-08-10,42.357181549072266,43.542320070346236,41.80458221463355,42.12934668006803,492705000,-0.39009915165881814
2023-08-11,40.825294494628906,41.98745090774671,40.6094519413775,41.72064293519623,533085000,-3.6165934522074283
2023-08-14,43.721187591552734,43.76815430441539,40.28169257903262,40.456564582325726,690286000,7.093379564732394
2023-08-15,43.90805435180664,45.23509182651046,43.67822201869262,44.52760635786077,676512000,0.42740549959354723
2023-08-16,43.454383850097656,44.642518572075744,43.374440183849174,44.487632483624076,527451000,-1.0332284324739538
2023-08-17,43.31248474121094,44.029961162547856,42.9697318315635,43.93802900451183,452395000,-0.326547280882461
2023-08-18,43.267520904541016,43.546317397362685,41.62971253779868,42.60400217656772,583768000,-0.10381264648883226
2023-08-21,46.93285369873047,47.030782025071126,44.18985040134457,44.46165201493228,692573000,8.471326106887656
2023-08-22,45.634796142578125,48.15196569860594,45.30004062070193,48.10000155373569,755293000,-2.7657758986589287
2023-08-23,47.08174514770508,47.16568370903834,45.17513142560614,45.83265396797378,779046000,3.170714295745314
2023-08-24,47.12871170043945,50.229456525679716,47.12471680402284,50.17949363700367,1156044000,0.09975533529402725
2023-08-25,45.98454666137695,47.7702462695261,44.99126600172495,46.97782350910496,925341000,-2.427745206223897
2023-08-28,46.80094909667969,46.945844136189635,44.85536600768865,46.44820509438741,685192000,1.775384329249996
2023-08-29,48.74852752685547,49.045312450204435,46.35726602113391,46.632067581998406,701397000,4.161407979467557
2023-08-30,49.228187561035156,49.890703795125454,48.3897967692124,49.00834626983168,735206000,0.9839477385556794
2023-08-31,49.31911849975586,49.70783563609758,48.922407758819745,49.34410184954682,528570000,0.18471315566506163
2023-09-01,48.473731994628906,49.76379378137674,48.10699823052651,49.72582320725818,463830000,-1.714115196789534
2023-09-05,48.51270294189453,48.81548404497399,47.825203434833014,48.187938474576626,382653000,0.08039601174083533
2023-09-06,47.03065872192383,48.5176983121161,46.54996984821671,48.409770048373865,468670000,-3.0549611340885297
2023-09-07,46.2111930847168,46.314127328933516,45.122894378455285,45.495655031746296,433330000,-1.7424073136041995
2023-09-08,45.5426139831543,46.575947661229385,45.241809377966035,45.9123781536838,473069000,-1.446790391965913
2023-09-11,45.14887619018555,46.133237981165,44.28343335195331,46.1182482612765,473966000,-0.864548076037952
2023-09-12,44.84107208251953,45.64355580633702,44.50228992802937,44.7091572109494,349256000,-0.6817536418169512
2023-09-13,45.4556770324707,45.90038984188142,44.474307858028645,44.571245445404095,398355000,1.370629472953122
2023-09-14,45.551612854003906,45.95734931593834,45.1019022298181,45.92037442216494,370097000,0.21105355325512498
2023-09-15,43.87169647216797,45.56959852066616,43.779752923471165,45.31176544872774,506831000,-3.687940506563814
2023-09-18,43.937652587890625,44.21347561321812,41.97292056005233,42.7204393860463,500271000,0.1503386488929115
2023-09-19,43.491939544677734,43.937651117962965,42.97427198636258,43.80473745342954,373064000,-1.0144216109891357
2023-09-20,42.211769104003906,43.874697872716084,42.1957805773011,43.571891798323115,367108000,-2.943465971111159
2023-09-21,40.99055099487305,42.072852871721146,40.9535761024681,41.55618793535061,450736000,-2.893074929226369
2023-09-22,41.58317947387695,42.08785502643417,41.204422154786,41.5452019552033,479236000,1.4457685115724095
2023-09-25,42.19477844238281,42.50857517454085,41.15045020013546,41.564184746897794,419091000,1.4707845245216733
2023-09-26,41.88397979736328,42.79239417282539,41.62814431891952,41.97392192797056,402282000,-0.7365808199323198
2023-09-27,42.440616607666016,42.84435926371942,41.60216067664093,42.302708909565496,444935000,1.328996941063787
2023-09-28,43.061222076416016,43.417990370192356,42.08785097086144,42.43262596387141,424663000,1.4622913575621732
2023-09-29,43.47095489501953,44.11553949357653,43.27907734367155,43.79874253504086,397830000,0.9515122861037506
2023-10-02,44.75313186645508,45.145876254159724,43.83272417445268,44.00161394425031,433298000,2.9495026611031427
2023-10-03,43.48894500732422,45.10090796030272,43.21811979928393,44.7791131286437,470850000,-2.824800871821076
2023-10-04,44.01260757446289,44.11454300550294,43.26408989829739,43.713800550252934,361821000,1.2041280078201044
2023-10-05,44.6591911315918,44.87105626291606,43.859707622537925,44.021601937102886,393483000,1.4690871383500337
2023-10-06,45.73250198364258,45.75948500590108,43.99762098117797,44.16451314682261,434436000,2.403336972423409
2023-10-09,45.243812561035156,45.575599261777526,44.339397209393,44.81309065878453,409675000,-1.0685823023245389
2023-10-10,45.768470764160156,46.229172057316305,45.058929471918596,45.28078645305619,368582000,1.1596242080996744
2023-10-11,46.77582931518555,46.82879655508957,46.02031610290556,46.16622190201643,378137000,2.2009880037639817
2023-10-12,46.91474151611328,47.57831500193652,46.30014004632372,46.746850531672756,481325000,0.2969743197746677
2023-10-13,45.43169403076172,47.08562979753359,45.25081094871752,46.92972831295685,474115000,-3.1611545484955816
2023-10-16,46.065284729003906,46.19519817588755,44.8830449142491,45.03394854361238,375099000,1.3946006455607396
2023-10-17,43.90967559814453,44.72515146398081,42.452615298122,43.971635905037324,812333000,-4.679465553161222
2023-10-18,42.168792724609375,43.19113575483381,41.79803354808787,42.563538500675094,627294000,-3.9646908108989076
2023-10-19,42.0738639831543,43.26909220321944,41.855003378817976,42.78340541148184,501233000,-0.22511609965935042
2023-10-20,41.360321044921875,42.44262307555848,41.05151831937694,41.86299514075664,477266000,-1.6959291842510882
2023-10-23,42.947296142578125,43.22012278548461,40.91860593108143,41.20242325687503,478530000,3.8369506269852582
2023-10-24,43.63484573364258,43.668824208033044,42.663476137534204,43.04922503107713,401463000,1.6009147322846529
2023-10-25,41.75206756591797,43.62186366950043,41.52821293771827,43.37002340053755,398379000,-4.314850060929587
2023-10-26,40.30000305175781,42.22875913409801,39.85429143072344,41.82601906009142,541001000,-3.477826605515144
2023-10-27,40.4738883972168,41.17943449809006,39.98920048176121,41.103483284155644,416784000,0.43147725134329296
2023-10-30,41.134464263916016,41.73907378443747,40.45490233078289,41.06051446991565,388028000,1.6321037905135949
2023-10-31,40.75371170043945,40.852650720636724,39.204711603972164,40.42392640316341,517969000,-0.925629080844903
2023-11-01,42.29771423339844,42.353677886742396,40.842651621979584,40.85764134166272,437593000,3.788618186015036
2023-11-02,43.47795104980469,43.855705696322225,42.86634611035468,43.300064408208144,409172000,2.790308738419567
2023-11-03,44.97598648071289,45.27978753454021,43.694811487819166,43.99162089726106,424610000,3.445506043263591
2023-11-06,45.721500396728516,45.90538367968417,44.87004855474041,45.255801257875405,400733000,1.6575821329351426
2023-11-07,45.92537307739258,46.18820018807057,45.12888604597762,45.68952517362853,343165000,0.44590111631299667
2023-11-08,46.54397964477539,46.836790044608954,45.93836746742981,46.070282349544186,346719000,1.3469821275928329
2023-11-09,46.91973114013672,48.198904678121394,46.719859321767146,47.43639611181253,540496000,0.8073041846208051
2023-11-10,48.3038444519043,48.4407571846076,47.2525243856,47.46938357142801,421245000,2.9499600234997203
2023-11-13,48.588653564453125,49.08433598855006,48.06798954522677,48.28884773723465,384136000,0.5896199687219772
2023-11-14,49.62398147583008,49.80186810947218,49.00838133866222,49.647968075180216,416954000,2.1308018136448004
2023-11-15,48.856483459472656,49.927790961524366,48.168927272564574,49.902809365822506,475497000,-1.5466272425787575
2023-11-16,49.448097229003906,49.49307019754156,48.29884098078787,48.64761498651586,339756000,1.2109217193701616
2023-11-17,49.26622009277344,49.684948701072095,48.97540732164273,49.49207232670018,325205000,-0.36781422627479854
2023-11-20,50.37649917602539,50.51540949473078,49.14929028900057,49.280206345168914,414120000,2.2536315576092036
2023-11-21,49.91179656982422,50.484425150048665,49.19026199029503,50.09367842406972,565747000,-0.9224591105019275
2023-11-22,48.684593200683594,50.302548939584284,47.659253670052365,49.819862426084605,899420000,-2.458744131607893
2023-11-24,47.745201110839844,48.88946341849403,47.71421905232239,48.43875395222816,294645000,-1.929546963597839
2023-11-27,48.21090316772461,48.498715719855554,47.62128333679978,47.76918674468385,395662000,0.9753902927409186
2023-11-28,47.790164947509766,48.29184398043461,47.442389759187826,48.204898277235316,401491000,-0.8727034603585482
2023-11-29,48.10896682739258,48.730567513457544,47.82914854414182,48.34781498680007,382005000,0.6670867954378545
2023-11-30,46.7398567199707,48.07899322892278,46.39208143645713,47.9930463084526,526247000,-2.8458522344369297
2023-12-01,46.73485565185547,47.16957663238465,46.157229102972245,46.49501248567539,369317000,-0.01069979342298577
2023-12-04,45.48066329956055,46.047299162275486,44.98098559161784,46.047299162275486,437543000,-2.683633735038893
2023-12-05,46.540077209472656,46.574054864592355,45.245796192072625,45.44068732474864,371718000,2.3293721618223406
2023-12-06,45.4776611328125,47.36061475805966,45.38671220041947,47.188709647488736,380590000,-2.282798268422115
2023-12-07,46.57005310058594,46.603035669637734,45.57860492878931,45.67455214099108,350823000,2.402040783459003
2023-12-08,47.479549407958984,47.71441917110969,46.52408042310089,46.56905734985708,359224000,1.9529638615799705
2023-12-11,46.60103988647461,47.50453592444969,45.8044865345936,47.46456109151934,509728000,-1.8502903511908864
2023-12-12,47.63046646118164,47.63946032153252,46.02036339199116,46.02036339199116,372387000,2.2090206081555985
2023-12-13,48.06122589111328,48.5669446692335,47.58149361223289,47.60248182794816,447792000,0.9043779369297233
2023-12-14,48.32307434082031,48.64289584092454,47.395593515547255,48.36305298147659,391232000,0.5448226607874584
2023-12-15,48.86277770996094,49.37649145661912,48.09320598416868,48.16716609290554,479948000,1.1168647204317317
2023-12-18,50.049110412597656,50.40491113993481,49.12262854480493,49.37248931296249,412587000,2.42788633441704
2023-12-19,49.57637405395508,49.67232125952952,48.86776928450163,49.396473996646186,464444000,-0.9445449774139969
2023-12-20,48.08421325683594,49.971162561409855,48.07122000684809,49.6273523215611,397894000,-3.0098223712270444
2023-12-21,48.96272277832031,49.06766385409553,48.39203776733346,48.783821596134075,300425000,1.8270227627348756
2023-12-22,48.80280685424805,49.35549646146205,48.4400062449087,49.167601439130266,252507000,-0.3266074985173728
2023-12-26,49.251556396484375,49.572376781102484,48.93273380006729,48.9407287654443,244200000,0.9195158458334962
2023-12-27,49.389488220214844,49.65234228998856,49.05767232034617,49.483437657255976,233648000,0.28005576640073304
2023-12-28,49.494422912597656,49.85622084400242,49.384483556355164,49.61535772949362,246587000,0.2124636155672155
2023-12-29,49.494422912597656,49.969160695229064,48.7238523373362,49.78526123454254,389293000,0.0
