timestamp,alpha,beta,theta,gamma,delta
2026-02-04T17:02:16.894659,0.3376,0.2119,0.0063,0.4423,-0.1863
2026-02-04T17:02:17.896065,0.3392,0.2355,-0.0141,0.4192,-0.2142
2026-02-04T17:02:18.897660,0.3279,0.2127,-0.0426,0.367,-0.2309
2026-02-04T17:02:19.898948,0.2796,0.1903,-0.1355,0.3796,-0.504
2026-02-04T17:02:20.899910,0.2667,0.1948,-0.1669,0.4214,-0.3282
2026-02-04T17:02:21.901311,0.232,0.2408,-0.0788,0.4131,-0.2734
2026-02-04T17:02:22.902627,0.2658,0.2383,-0.1906,0.3993,-0.3103
2026-02-04T17:02:23.903431,0.2471,0.2604,-0.263,0.3967,-0.2472
2026-02-04T17:02:24.904671,0.2591,0.2551,-0.2066,0.3682,-0.1527
2026-02-04T17:02:25.907790,0.3174,0.2676,-0.1634,0.3844,-0.1061
2026-02-04T17:02:26.908443,0.3063,0.2568,-0.1257,0.4002,-0.2106
2026-02-04T17:02:27.909183,0.2962,0.266,-0.1119,0.3888,-0.2183
2026-02-04T17:02:28.910200,0.4083,0.4315,0.0491,0.488,0.0174
2026-02-04T17:02:29.912081,0.4111,0.3642,0.037,0.4585,0.0174
2026-02-04T17:02:30.913505,0.3773,0.2742,0.0838,0.4961,0.0874
2026-02-04T17:02:31.914962,0.3365,0.2457,0.0706,0.4417,0.1448
2026-02-04T17:02:32.916435,0.2449,0.2794,0.0029,0.4816,0.051
2026-02-04T17:02:33.917199,0.2206,0.157,0.0022,0.1405,0.1549
2026-02-04T17:02:34.917767,0.2591,0.0798,-0.1625,0.1254,0.1215
2026-02-04T17:02:35.918677,0.2329,0.1168,0.0267,0.091,0.0984
2026-02-04T17:02:36.919538,0.2489,0.1453,-0.1002,0.0476,0.0918
2026-02-04T17:02:37.923017,0.2085,0.0908,-0.1228,0.0653,0.1065
2026-02-04T17:02:38.925734,0.3526,0.1361,0.0877,-0.0222,0.242
2026-02-04T17:02:39.926680,0.3908,0.1801,0.1094,-0.0461,0.1603
2026-02-04T17:02:40.927177,0.2153,0.1323,0.0103,-0.0328,0.0295
2026-02-04T17:02:41.928292,0.2841,0.1302,-0.1138,-0.0028,0.061
2026-02-04T17:02:42.929980,0.3267,0.2245,-0.0464,0.0111,0.1337
2026-02-04T17:02:43.931167,0.3428,0.144,0.0454,0.0543,0.0619
2026-02-04T17:02:44.932238,0.3626,0.1688,0.1093,0.0773,0.0009
2026-02-04T17:02:45.933530,0.38,0.1701,0.1438,0.0314,0.0257
2026-02-04T17:02:46.935063,0.2548,0.163,0.0089,0.0386,-0.0382
2026-02-04T17:02:47.936083,0.2025,0.1307,-0.1456,0.0476,0.1388
2026-02-04T17:02:48.936704,0.2365,0.1158,0.0353,-0.0117,0.0916
2026-02-04T17:02:49.937400,0.1938,0.1667,0.0472,-0.0432,-0.0749
2026-02-04T17:02:50.938358,0.1878,0.0897,-0.1413,-0.0639,-0.0415
2026-02-04T17:02:51.939184,0.2331,0.0818,-0.157,-0.1007,-0.0023
2026-02-04T17:02:52.940448,0.2449,0.1401,0.0138,0.0301,-0.0134
2026-02-04T17:02:53.941697,0.4357,0.1628,-0.029,-0.0744,-0.0788
2026-02-04T17:02:54.944092,0.3611,0.1423,-0.0718,-0.0864,-0.002
2026-02-04T17:02:55.946121,0.2899,0.1422,-0.0843,-0.0216,0.1599
2026-02-04T17:02:56.947586,0.1625,0.1217,-0.0525,-0.0308,0.0357
2026-02-04T17:02:57.948451,0.3192,0.1843,-0.0149,0.0287,0.0232
2026-02-04T17:02:58.949701,0.3051,0.2814,0.0227,0.0485,0.142
2026-02-04T17:02:59.951062,0.3383,0.2142,-0.0834,0.0755,0.1635
2026-02-04T17:03:00.952770,0.346,0.1799,0.14,0.0613,0.1735
2026-02-04T17:03:01.954207,0.3649,0.2083,0.0257,0.1162,0.0863
2026-02-04T17:03:02.955447,0.3061,0.1793,0.0568,0.0833,0.0961
2026-02-04T17:03:03.956203,0.2623,0.2163,-0.0175,0.0799,0.0906
2026-02-04T17:03:04.956775,0.2157,0.2589,0.0792,0.0467,0.1088
2026-02-04T17:03:05.958451,0.2249,0.1951,0.0782,0.06,0.1556
2026-02-04T17:03:06.959573,0.0522,0.1283,0.0333,-0.0873,0.0492
2026-02-04T17:03:07.960210,0.1489,0.1726,-0.0461,0.0371,-0.0704
2026-02-04T17:03:08.961318,0.1994,0.1223,-0.1225,0.0276,-0.1234
2026-02-04T17:03:09.962405,0.1242,0.0967,-0.1318,0.0291,-0.1344
2026-02-04T17:03:10.964028,0.1523,0.1293,-0.175,-0.0044,-0.2137
2026-02-04T17:03:11.964763,0.2427,0.1145,-0.1037,0.0202,-0.0553
2026-02-04T17:03:12.965837,0.4103,0.2554,0.0983,0.1138,0.1224
2026-02-04T17:03:13.967156,0.2658,0.2137,-0.0676,0.1324,0.0085
2026-02-04T17:03:14.968072,0.2408,0.1808,0.0155,0.1021,0.0096
2026-02-04T17:03:15.969122,0.2131,0.1919,-0.045,0.0999,-0.0494
2026-02-04T17:03:16.969788,0.295,0.1714,-0.136,-0.0113,-0.0938
2026-02-04T17:03:17.970648,0.2701,0.0551,-0.1138,0.0323,-0.0546
2026-02-04T17:03:18.971548,0.1563,0.1639,-0.1418,0.1063,-0.0143
2026-02-04T17:03:19.972959,0.1988,0.1727,-0.0656,0.0602,0.0575
2026-02-04T17:03:20.974067,0.2303,0.2169,-0.0299,0.0187,-0.0382
2026-02-04T17:03:21.975998,0.3223,0.2204,-0.0101,0.0307,0.0457
2026-02-04T17:03:22.976831,0.3051,0.0666,0.0767,-0.0703,-0.1093
2026-02-04T17:03:23.978470,0.1766,0.0947,-0.0118,-0.0102,-0.1156
2026-02-04T17:03:24.979800,0.1498,0.0303,-0.1274,-0.0436,-0.1697
2026-02-04T17:03:25.980336,0.2725,0.0892,-0.0468,0.1041,-0.1729
2026-02-04T17:03:26.981240,0.3172,0.0469,0.0462,0.0874,-0.1152
2026-02-04T17:03:27.981937,0.23,0.1255,-0.0184,0.0661,0.1172
2026-02-04T17:03:28.983658,0.3613,0.1238,-0.0319,-0.0724,0.031
2026-02-04T17:03:29.985271,0.446,0.1171,0.1307,-0.1585,-0.1214
2026-02-04T17:03:30.987636,0.4141,0.0816,0.0248,-0.1654,0.0137
2026-02-04T17:03:31.988920,0.2739,0.0579,-0.1282,-0.0568,-0.0631
2026-02-04T17:03:32.990023,0.2436,0.1307,-0.1516,0.013,0.0092
2026-02-04T17:03:33.991150,0.2463,0.0983,-0.109,-0.0042,-0.0408
2026-02-04T17:03:34.991886,0.2492,0.1663,-0.1054,-0.0285,-0.1381
2026-02-04T17:03:35.992595,0.2744,0.1887,-0.1237,0.0092,-0.1073
2026-02-04T17:03:36.993488,0.303,0.1327,-0.098,-0.0873,0.0033
2026-02-04T17:03:37.994300,0.237,0.0935,-0.1142,-0.0924,-0.101
2026-02-04T17:03:38.995079,0.167,0.1015,-0.1565,-0.0614,-0.0799
2026-02-04T17:03:39.996845,0.3473,0.1255,-0.0005,0.0022,-0.0896
2026-02-04T17:03:40.998532,0.3917,0.1351,0.0936,-0.0442,-0.0687
2026-02-04T17:03:42.000790,0.2326,0.1028,-0.1826,-0.0764,-0.0565
2026-02-04T17:03:43.001932,0.2384,0.0575,-0.1136,-0.1179,-0.105
2026-02-04T17:03:44.002950,0.349,-0.0331,-0.0066,-0.0964,-0.0863
2026-02-04T17:03:45.003603,0.3424,0.0052,-0.0042,-0.2007,-0.1321
2026-02-04T17:03:46.006521,0.1885,0.0676,-0.0998,-0.1428,-0.1828
2026-02-04T17:03:47.008040,0.2178,0.071,-0.0696,-0.1117,-0.042
2026-02-04T17:03:48.008999,0.235,0.0561,-0.1022,-0.0902,0.0238
2026-02-04T17:03:49.011967,0.3368,0.0633,-0.0123,-0.0892,-0.0469
2026-02-04T17:03:50.015175,0.2708,0.0378,-0.0395,-0.1204,-0.229
2026-02-04T17:03:51.016515,0.2539,0.0704,-0.078,-0.0644,-0.2034
2026-02-04T17:03:52.018030,0.272,0.0694,-0.0402,-0.0713,-0.181
2026-02-04T17:03:53.019483,0.2294,0.1173,-0.0593,-0.116,-0.2126
2026-02-04T17:03:54.020889,0.2457,0.0261,-0.0322,-0.135,-0.2152
2026-02-04T17:03:55.022294,0.2812,0.0441,-0.0073,-0.1541,-0.061
2026-02-04T17:03:56.023582,0.2552,0.0307,-0.0242,-0.2473,-0.1294
2026-02-04T17:03:57.024637,0.3027,0.1012,0.0964,-0.1582,-0.1311
2026-02-04T17:03:58.025705,0.3212,0.0875,0.0293,-0.1887,-0.2662
2026-02-04T17:03:59.027334,0.2226,0.0328,-0.0853,-0.1625,-0.2473
2026-02-04T17:04:00.028445,0.1603,-0.0026,-0.018,-0.0766,-0.1958
2026-02-04T17:04:01.030292,0.3594,-0.0471,0.1186,-0.1186,-0.1479
2026-02-04T17:04:02.031647,0.5051,0.1626,0.1648,-0.1334,0.0257
2026-02-04T17:04:03.032815,0.4462,0.1708,0.1321,-0.1306,0.0312
2026-02-04T17:04:04.033969,0.422,0.0886,0.0607,-0.1473,-0.0001
2026-02-04T17:04:05.035150,0.377,0.0848,0.0833,-0.1279,-0.0878
2026-02-04T17:04:06.036818,0.418,0.1115,0.0302,-0.1675,-0.1764
2026-02-04T17:04:07.037600,0.3778,0.1004,-0.0006,-0.1593,-0.0833
2026-02-04T17:04:08.038626,0.2816,0.1424,-0.1093,-0.1235,-0.1572
2026-02-04T17:04:09.040092,0.2244,0.0631,-0.0903,-0.1586,-0.1451
2026-02-04T17:04:10.040710,0.3197,0.0303,0.0585,-0.1309,-0.1676
2026-02-04T17:04:11.041613,0.3442,0.0706,0.1663,-0.1881,-0.1868
2026-02-04T17:04:12.043206,0.3696,0.0214,0.2411,-0.1884,-0.1641
2026-02-04T17:04:13.043718,0.3269,0.0405,0.1838,-0.1245,-0.0185
2026-02-04T17:04:14.045241,0.2822,0.1735,-0.0508,-0.0297,0.1929
2026-02-04T17:04:15.046281,0.3044,0.2004,0.0502,0.0184,-0.0141
2026-02-04T17:04:16.046796,0.2485,0.1253,-0.1146,0.0602,-0.2349
2026-02-04T17:04:17.048154,0.1731,0.151,-0.1728,0.0316,-0.0662
2026-02-04T17:04:18.050356,0.2016,0.0907,-0.1594,-0.0364,-0.0522
2026-02-04T17:04:19.051330,0.2027,0.1123,-0.2973,-0.0654,-0.1243
2026-02-04T17:04:20.052361,0.2246,0.0839,-0.043,-0.0676,-0.1979
2026-02-04T17:04:21.053527,0.1876,0.0407,-0.0358,-0.1743,-0.0911
2026-02-04T17:04:22.054493,0.21,0.1049,-0.147,-0.0218,0.0074
2026-02-04T17:04:23.055715,0.2969,0.1425,-0.1194,0.071,0.0333
2026-02-04T17:04:24.057211,0.2866,0.1122,-0.172,0.0205,0.0166
2026-02-04T17:04:25.058314,0.1732,0.0979,-0.2289,-0.0091,-0.0268
2026-02-04T17:04:26.059402,0.1785,0.1163,-0.1203,-0.1051,-0.0091
2026-02-04T17:04:27.060332,0.2359,0.0702,-0.1537,-0.0757,-0.1119
2026-02-04T17:04:28.061216,0.2656,0.0108,-0.1894,-0.0522,-0.0857
2026-02-04T17:04:29.062127,0.214,0.0561,-0.311,-0.0144,-0.1555
2026-02-04T17:04:30.062639,0.1899,0.1084,-0.3298,0.0331,-0.0194
2026-02-04T17:04:31.063554,0.1888,0.1357,-0.1725,0.0362,0.0573
2026-02-04T17:04:32.065102,0.1796,0.0961,-0.1596,0.0228,-0.0819
2026-02-04T17:04:33.065769,0.2515,0.0858,-0.1506,0.0148,-0.1509
2026-02-04T17:04:34.066644,0.1656,0.0473,-0.2435,-0.0861,-0.1252
2026-02-04T17:04:35.067520,0.093,0.0184,-0.2188,-0.1144,-0.0994
2026-02-04T17:04:36.068215,0.0972,0.0714,-0.1653,-0.0512,-0.0285
2026-02-04T17:04:37.069248,0.067,0.1191,-0.2708,-0.0144,-0.0198
2026-02-04T17:04:38.070956,0.0375,0.0646,-0.2343,-0.0105,-0.1621
2026-02-04T17:04:39.071865,0.1112,0.0705,-0.109,-0.0078,-0.0776
2026-02-04T17:04:40.074422,0.1635,0.0723,-0.0501,-0.0725,-0.0878
2026-02-04T17:04:41.076312,0.1572,0.0922,-0.0432,-0.0426,-0.0773
2026-02-04T17:04:42.077251,0.2012,0.0743,-0.0065,-0.0013,0.0913
2026-02-04T17:04:43.078415,0.2427,0.1158,-0.0742,-0.0455,0.0081
2026-02-04T17:04:44.080837,0.1399,0.1194,-0.1112,-0.0834,-0.0799
2026-02-04T17:04:45.082629,0.1435,0.1063,0.0025,-0.1042,-0.0507
2026-02-04T17:04:46.094879,0.13,0.0798,-0.1959,-0.1472,-0.1595
2026-02-04T17:04:47.099537,0.2111,0.0703,-0.1418,-0.0131,-0.197
2026-02-04T17:04:48.102617,0.1835,0.0512,-0.0581,-0.0552,-0.2171
2026-02-04T17:04:49.104307,0.2165,-0.0061,-0.1487,-0.1453,-0.1492
2026-02-04T17:04:50.106471,0.1923,0.0179,-0.1984,-0.1267,-0.1388
2026-02-04T17:04:51.107767,0.123,0.0858,-0.1788,-0.0835,-0.0837
2026-02-04T17:04:52.108950,0.0058,0.0742,-0.2399,-0.053,-0.063
2026-02-04T17:04:53.109798,0.0914,0.1047,-0.2368,-0.022,-0.0141
2026-02-04T17:04:54.110907,0.1341,0.0675,-0.1139,-0.0531,0.1554
2026-02-04T17:04:55.112271,0.168,0.1316,-0.1171,-0.0151,0.1206
2026-02-04T17:04:56.113108,0.1868,0.1578,-0.0075,0.1552,0.0424
2026-02-04T17:04:57.114424,0.2694,0.157,0.0199,0.0462,0.1083
2026-02-04T17:04:58.115221,0.1848,0.1207,-0.0877,-0.0078,0.0536
2026-02-04T17:04:59.116705,0.2543,0.0603,-0.1712,-0.0104,-0.0361
2026-02-04T17:05:00.117953,0.2635,0.0654,-0.2754,-0.0784,-0.1809
2026-02-04T17:05:01.118880,0.2215,0.085,-0.2549,-0.0534,-0.1667
2026-02-04T17:05:02.120687,0.2183,0.1618,-0.1149,0.0837,0.0639
2026-02-04T17:05:03.122766,0.2443,0.1026,-0.1577,0.0842,-0.0316
2026-02-04T17:05:04.123970,0.2842,0.1284,-0.0054,0.0227,-0.0805
2026-02-04T17:05:05.125456,0.2726,0.1227,-0.1004,-0.0304,-0.1263
2026-02-04T17:05:06.126663,0.1719,0.1596,-0.2475,0.0041,-0.1859
2026-02-04T17:05:07.127679,0.1582,0.1175,-0.2003,0.031,-0.1837
2026-02-04T17:05:08.128392,0.2011,0.1005,-0.1143,-0.0813,-0.0841
2026-02-04T17:05:09.129106,0.2054,0.0571,-0.1617,-0.0965,-0.1533
2026-02-04T17:05:10.130154,0.2181,0.0263,-0.1155,0.0074,-0.2146
2026-02-04T17:05:11.131329,0.2331,0.0974,-0.1817,-0.0633,-0.1307
2026-02-04T17:05:12.133368,0.1989,0.1018,-0.1817,-0.0722,-0.1764
2026-02-04T17:05:13.135193,0.2152,0.1499,-0.0588,0.1133,-0.1601
2026-02-04T17:05:14.136176,0.1565,0.1064,-0.1013,0.003,0.0182
2026-02-04T17:05:15.137695,0.1669,0.1339,-0.1141,-0.1087,-0.0408
2026-02-04T17:05:16.138986,0.2286,0.1523,-0.1592,-0.0751,-0.1197
2026-02-04T17:05:17.139666,0.3696,0.128,-0.072,-0.046,-0.1312
2026-02-04T17:05:18.141377,0.368,0.1027,-0.0612,-0.0796,-0.1289
2026-02-04T17:05:19.142793,0.4506,0.1016,0.0602,-0.0637,-0.1039
2026-02-04T17:05:20.144621,0.4218,0.0718,0.0012,0.0659,-0.0391
2026-02-04T17:05:21.145975,0.1685,0.1262,-0.0729,0.0492,0.1135
2026-02-04T17:05:22.146861,0.133,0.0728,-0.1115,-0.1057,0.1256
2026-02-04T17:05:23.148000,0.1773,0.0533,-0.1302,-0.0905,0.0742
2026-02-04T17:05:24.148790,0.184,0.1277,-0.1476,-0.0267,0.0193
2026-02-04T17:05:25.149576,0.1813,0.1472,-0.1516,0.0247,-0.051
2026-02-04T17:05:26.150580,0.2316,0.0965,-0.1401,-0.0493,-0.0258
2026-02-04T17:05:27.152664,0.2299,0.0708,-0.1224,-0.0508,0.0416
2026-02-04T17:05:28.153781,0.335,0.1782,0.0237,-0.0107,0.1631
2026-02-04T17:05:29.154815,0.4695,0.1914,-0.0076,0.0969,0.0854
2026-02-04T17:05:30.156023,0.4633,0.0976,0.0309,0.0231,0.0755
2026-02-04T17:05:31.156729,0.4236,0.0759,0.1483,-0.056,0.2009
2026-02-04T17:05:32.157669,0.2347,-0.0147,-0.0158,-0.1131,0.2283
2026-02-04T17:05:33.159411,0.164,0.0906,-0.0449,-0.0938,-0.0139
2026-02-04T17:05:34.160153,0.0569,0.1403,-0.1976,-0.0915,-0.0622
2026-02-04T17:05:35.161086,0.3059,0.145,0.0063,-0.1422,0.1269
2026-02-04T17:07:04.752036,0.3156,0.1208,0.0558,-0.0632,0.1343
2026-02-04T17:07:05.825226,0.162,0.1208,0.0558,-0.0632,0.1343
2026-02-04T17:07:07.080023,0.149,0.1028,0.0558,-0.0632,-0.0778
2026-02-04T17:07:08.201168,0.149,0.1028,-0.0912,-0.0458,-0.0778
2026-02-04T17:07:09.217479,0.149,0.1028,-0.0912,-0.0458,-0.0778
2026-02-04T17:07:10.249913,0.2678,0.2262,-0.1134,0.0329,-0.0002
2026-02-04T17:07:11.318306,0.1229,0.0712,0.0826,-0.0119,0.1803
2026-02-04T17:07:12.319101,0.0837,0.0786,-0.0112,-0.0462,-0.143
2026-02-04T17:07:13.320089,0.1857,0.1252,-0.0416,0.3083,-0.2696
2026-02-04T17:07:14.320581,0.1917,0.2079,-0.0706,0.321,-0.3446
2026-02-04T17:07:15.321478,0.1413,0.2329,-0.075,0.3164,-0.2142
2026-02-04T17:07:16.322544,0.282,0.3519,0.0007,0.3458,0.0293
2026-02-04T17:07:17.323497,0.3752,0.3588,0.0716,0.401,0.0209
2026-02-04T17:07:18.324558,0.3104,0.293,-0.075,0.3404,-0.0995
2026-02-04T17:07:19.325572,0.2758,0.344,-0.1026,0.3797,-0.2129
2026-02-04T17:07:20.327959,0.2637,0.2298,-0.0439,0.0121,-0.1115
2026-02-04T17:07:21.331837,0.2295,0.1136,-0.004,0.0178,0.045
2026-02-04T17:07:22.332871,0.3368,0.1811,-0.0003,-0.1124,0.1517
2026-02-04T17:07:23.333404,0.326,0.1594,0.0459,-0.0483,0.097
2026-02-04T17:07:24.335496,0.3163,0.081,0.0099,-0.0705,0.0625
2026-02-04T17:07:25.336249,0.3335,0.1499,-0.1147,-0.034,0.1013
2026-02-04T17:07:26.337019,0.2017,0.1365,-0.1341,0.0131,0.0211
2026-02-04T17:07:27.337541,0.2428,0.0742,0.0119,-0.0227,0.0483
2026-02-04T17:07:28.338513,0.2122,0.104,0.0881,-0.0552,0.126
2026-02-04T17:07:29.339414,0.204,0.1116,-0.0171,-0.0838,0.0976
2026-02-04T17:07:30.340653,0.1893,0.0871,-0.0413,-0.1373,-0.0422
2026-02-04T17:07:31.341203,0.1747,0.0659,-0.035,-0.0712,-0.0491
2026-02-04T17:07:32.342112,0.1688,0.1205,-0.0988,-0.0209,-0.0527
2026-02-04T17:07:33.343544,0.1208,0.1067,-0.1324,-0.0647,-0.0946
2026-02-04T17:07:34.344515,0.2274,0.076,-0.1627,-0.0813,-0.0395
2026-02-04T17:07:35.345646,0.1792,0.0616,-0.1565,-0.0866,-0.016
2026-02-04T17:07:36.347875,0.2991,0.0833,-0.1695,-0.1173,0.0229
2026-02-04T17:07:37.348931,0.3105,0.1692,-0.0479,-0.0889,0.1158
2026-02-04T17:07:38.349798,0.2084,0.1846,-0.2184,-0.0554,0.0124
2026-02-04T17:07:39.350593,0.1059,0.1431,-0.2528,-0.0493,-0.1352
2026-02-04T17:07:40.351456,0.0587,0.111,-0.1766,-0.0865,0.0035
2026-02-04T17:07:41.354006,0.1766,0.0805,-0.2217,-0.0932,0.1193
2026-02-04T17:07:42.354641,0.2465,0.0932,-0.1571,-0.0458,0.071
2026-02-04T17:07:43.356343,0.2454,0.0374,-0.1264,0.0233,-0.0023
2026-02-04T17:07:44.356909,0.1735,0.1419,0.1126,0.0503,0.0443
2026-02-04T17:07:45.358873,0.077,0.1626,0.0633,-0.0083,0.0592
2026-02-04T17:07:46.359999,0.147,0.0656,0.0454,-0.1284,-0.0658
2026-02-04T17:07:47.361552,0.1776,0.078,-0.0194,-0.0912,0.1083
2026-02-04T17:07:48.362851,0.325,0.2236,-0.0037,0.1661,0.1873
2026-02-04T17:07:49.364341,0.3118,0.2401,-0.066,0.1424,0.1733
2026-02-04T17:07:50.365414,0.1911,0.0791,0.0025,-0.032,0.062
2026-02-04T17:07:51.366692,0.2909,0.0944,0.0881,-0.0227,0.1517
2026-02-04T17:07:52.367627,0.3077,0.1343,0.1199,-0.1001,0.2356
2026-02-04T17:07:53.369876,0.2131,0.0864,-0.0253,-0.1597,0.0327
2026-02-04T17:07:54.370505,0.3782,0.1297,0.0244,-0.1394,0.0148
2026-02-04T17:07:55.371707,0.3345,0.1437,0.054,-0.0995,0.1398
2026-02-04T17:07:56.373425,0.2731,0.0899,0.0314,-0.0718,0.0466
2026-02-04T17:07:57.375045,0.3649,0.1047,0.08,-0.0257,0.2445
2026-02-04T17:07:58.376078,0.2359,0.114,0.1147,-0.1194,0.1428
2026-02-04T17:07:59.376898,0.27,0.1201,0.0668,-0.0235,0.2122
2026-02-04T17:08:00.377994,0.332,0.0884,0.0016,-0.0244,0.2027
2026-02-04T17:08:01.379156,0.2809,0.0689,-0.0788,-0.1055,0.0619
2026-02-04T17:08:02.381136,0.3549,0.0738,-0.0527,-0.0712,0.0512
2026-02-04T17:08:03.383562,0.2428,0.0953,-0.0165,-0.084,0.0179
2026-02-04T17:08:04.384717,0.2029,0.0725,-0.044,-0.1736,0.0161
2026-02-04T17:08:05.385410,0.4469,0.1311,0.1055,-0.1923,0.0597
2026-02-04T17:08:06.386161,0.3987,0.1638,0.2294,-0.1203,0.2055
2026-02-04T17:08:07.387780,0.1288,0.0356,0.027,-0.1352,-0.0343
2026-02-04T17:08:08.389599,0.2124,0.0283,-0.0202,-0.1628,-0.1572
2026-02-04T17:08:09.390155,0.1873,0.0386,-0.0226,-0.1441,-0.1861
2026-02-04T17:08:10.390689,0.0513,0.046,-0.1648,-0.1496,-0.0155
2026-02-04T17:08:11.392536,0.0966,-0.0262,-0.0556,-0.2035,0.118
2026-02-04T17:08:12.393911,0.1076,-0.0098,-0.0348,-0.1499,0.0494
2026-02-04T17:08:13.394661,0.1816,0.0535,-0.1102,-0.1556,-0.1226
2026-02-04T17:08:14.396231,0.2077,0.0618,-0.0894,-0.1507,0.011
2026-02-04T17:08:15.397928,0.2554,0.0861,-0.0783,-0.1409,0.0963
2026-02-04T17:08:16.399510,0.1327,0.0379,-0.0606,-0.1514,-0.0478
2026-02-04T17:08:17.401035,0.153,0.0024,0.0327,-0.2129,-0.0909
2026-02-04T17:08:18.401777,0.258,-0.0598,0.0352,-0.1444,0.0451
2026-02-04T17:08:19.402902,0.2152,0.1068,-0.0444,0.061,0.1471
2026-02-04T17:08:20.403604,-0.0034,0.146,-0.0485,0.0657,0.188
2026-02-04T17:08:21.404387,0.0811,0.1053,0.0549,0.0628,0.2698
2026-02-04T17:08:22.405546,0.1758,0.1127,0.0015,0.024,0.1
2026-02-04T17:08:23.406903,0.2072,0.0568,0.0169,-0.0238,0.2606
2026-02-04T17:08:24.408452,0.1003,-0.0018,0.1152,-0.0721,0.3361
2026-02-04T17:08:25.410468,0.0788,0.1351,-0.2939,-0.0904,0.1191
2026-02-04T17:08:26.410950,0.1789,0.1062,-0.2093,-0.0969,0.059
2026-02-04T17:08:27.412276,0.2152,0.1341,-0.1695,-0.0913,-0.0973
2026-02-04T17:08:28.413609,0.213,0.1076,-0.0027,-0.0553,0.0399
2026-02-04T17:08:29.415297,0.234,0.0662,-0.0252,-0.0882,0.0441
2026-02-04T17:08:30.416836,0.3657,0.0328,-0.0053,-0.1273,0.0422
2026-02-04T17:08:31.417587,0.4861,0.1761,0.1594,-0.0614,0.1211
2026-02-04T17:08:32.418540,0.3134,0.1584,-0.0198,-0.085,0.1806
2026-02-04T17:08:33.420969,0.1708,0.0837,-0.0224,-0.063,0.1495
2026-02-04T17:08:34.421759,0.1618,0.1207,0.0942,-0.0218,0.2397
2026-02-04T17:08:35.423293,0.3088,0.1675,0.0762,0.0176,0.1633
2026-02-04T17:08:36.424869,0.4189,0.1596,0.0707,-0.0301,0.0878
2026-02-04T17:08:37.426152,0.3182,0.1017,0.0364,-0.1127,0.018
2026-02-04T17:08:38.427393,0.2389,0.0767,-0.0546,-0.1068,0.0816
2026-02-04T17:08:39.428517,0.1927,0.0096,-0.0184,-0.0195,0.0917
2026-02-04T17:08:40.429396,0.2173,0.0952,-0.1766,-0.0082,-0.0194
2026-02-04T17:08:41.430861,0.2219,0.1079,-0.1233,-0.0552,-0.05
2026-02-04T17:08:42.432070,0.1394,0.0341,-0.1363,-0.0513,-0.0021
2026-02-04T17:08:43.433049,0.1269,0.0022,-0.0435,-0.0151,0.0142
2026-02-04T17:08:44.435044,0.1697,0.0427,-0.0678,0.0149,0.0996
2026-02-04T17:08:45.436093,0.1682,0.0561,-0.0786,-0.0568,0.0254
2026-02-04T17:08:46.436953,0.0427,0.0953,-0.1169,-0.1403,0.1873
2026-02-04T17:08:47.438419,0.1102,0.0862,-0.0944,-0.1286,0.2801
2026-02-04T17:08:48.439135,0.3719,0.1479,0.0178,-0.0239,0.295
2026-02-04T17:08:49.441607,0.3196,0.0835,0.0055,-0.065,0.2092
2026-02-04T17:08:50.443332,0.2315,0.151,-0.0203,-0.0921,0.1976
2026-02-04T17:08:51.443845,0.2985,0.096,0.0811,-0.0839,0.0886
2026-02-04T17:08:52.445322,0.2845,0.0191,0.0097,-0.1289,-0.0113
2026-02-04T17:08:53.446133,0.2388,0.0701,0.0465,-0.0796,0.0335
2026-02-04T17:08:54.447020,0.1759,0.055,-0.0309,-0.0313,-0.012
2026-02-04T17:08:55.447851,0.1598,0.0556,-0.1151,-0.0895,0.064
2026-02-04T17:08:56.448511,0.2732,0.0668,-0.0481,-0.152,0.1556
2026-02-04T17:08:57.450781,0.3293,0.0736,0.021,-0.0811,0.1826
2026-02-04T17:08:58.451332,0.3557,0.0888,-0.084,-0.0854,0.0848
2026-02-04T17:08:59.452423,0.3619,0.0729,0.0314,-0.1436,0.1009
2026-02-04T17:09:00.453408,0.277,0.1228,0.0096,-0.1397,0.041
2026-02-04T17:09:01.454160,0.2942,0.052,-0.0294,-0.1503,0.1009
2026-02-04T17:09:02.454814,0.3131,0.0799,-0.0595,-0.1362,0.1096
2026-02-04T17:09:03.457774,0.302,0.1026,-0.153,-0.1155,-0.0411
2026-02-04T17:09:04.459210,0.2033,0.0597,-0.036,-0.1208,-0.0805
2026-02-04T17:09:05.460234,0.0309,-0.0118,-0.0264,-0.0925,-0.0855
2026-02-04T17:09:06.461122,0.029,0.0069,-0.0511,-0.1512,0.0513
2026-02-04T17:09:07.462491,0.0443,0.0564,-0.0082,-0.135,0.0119
2026-02-04T17:09:08.464294,0.0448,0.0654,-0.0886,-0.0884,-0.1137
2026-02-04T17:09:09.466602,0.075,0.0145,-0.0269,-0.0761,-0.078
2026-02-04T17:09:10.467620,0.0109,-0.0518,-0.0438,-0.1191,-0.184
2026-02-04T17:09:11.469396,-0.0174,-0.0537,-0.0827,-0.1735,-0.2391
2026-02-04T17:09:12.477225,0.0046,-0.0866,-0.0991,-0.1907,-0.1794
2026-02-04T17:09:13.477830,0.0069,-0.0398,-0.1232,-0.1525,-0.1281
2026-02-04T17:09:14.479384,0.045,-0.052,-0.1101,-0.1698,-0.1773
2026-02-04T17:09:15.480594,0.0104,-0.0947,-0.0856,-0.1583,-0.3063
2026-02-04T17:09:16.482408,0.1352,0.0479,0.0359,-0.0402,-0.0632
2026-02-04T17:09:17.484525,0.1215,0.0215,-0.0361,-0.0657,-0.1579
2026-02-04T17:09:18.485401,-0.0169,-0.043,-0.1258,-0.1204,-0.2419
2026-02-04T17:09:19.487915,-0.0074,-0.0299,-0.0508,-0.1168,-0.1588
2026-02-04T17:09:20.490455,0.009,-0.02,-0.0317,-0.1247,-0.2109
2026-02-04T17:09:21.492057,0.023,0.0796,-0.0455,-0.108,-0.1956
2026-02-04T17:09:22.493626,0.0503,0.0095,-0.0523,-0.0778,-0.1408
2026-02-04T17:09:23.494380,0.0786,-0.036,-0.0658,-0.1052,-0.1697
2026-02-04T17:09:24.496266,0.0994,0.0308,0.0045,-0.0562,-0.1792
2026-02-04T17:09:25.498434,0.0229,0.0548,-0.0655,-0.0303,-0.1279
2026-02-04T17:09:26.499218,0.1562,0.064,-0.105,-0.0071,-0.0603
2026-02-04T17:09:27.499921,0.1382,0.0628,-0.1321,-0.0016,-0.0777
2026-02-04T17:09:28.501365,0.0314,0.0682,-0.1475,-0.0169,-0.1002
2026-02-04T17:09:29.503038,0.0537,0.0636,-0.0787,-0.0418,-0.1289
2026-02-04T17:09:30.503724,0.0792,-0.0011,-0.0653,-0.087,-0.1876
2026-02-04T17:09:31.506178,0.2123,-0.0095,-0.0417,0.0157,0.0507
2026-02-04T17:09:32.506955,0.0713,-0.052,-0.0032,0.0158,-0.2018
2026-02-04T17:09:33.508045,0.0738,-0.0391,0.0292,-0.0083,-0.1857
2026-02-04T17:09:34.508840,0.2443,0.0683,-0.009,0.0364,-0.0769
2026-02-04T17:09:35.510004,0.2761,0.0492,0.1473,0.0361,0.0562
2026-02-04T17:09:36.511798,0.1756,0.0467,0.1498,0.0351,-0.0062
2026-02-04T17:09:37.513597,0.2041,0.1227,0.023,0.0654,0.0212
2026-02-04T17:09:38.514890,0.2562,0.1445,0.0462,0.0781,0.0322
2026-02-04T17:09:39.517128,0.2669,0.0864,0.0137,0.0357,-0.05
2026-02-04T17:09:40.519500,0.2944,0.0442,-0.0057,0.0139,-0.0732
2026-02-04T17:09:41.520811,0.2368,0.0512,0.0801,0.0474,-0.0737
2026-02-04T17:09:42.522115,0.2879,0.0726,0.1179,0.1416,0.124
2026-02-04T17:09:43.522904,0.2287,0.0462,0.049,0.1363,0.0876
2026-02-04T17:09:44.523651,0.2465,0.081,0.1314,0.1314,0.0256
2026-02-04T17:09:45.524171,0.2541,0.0756,0.1503,0.1434,-0.0007
2026-02-04T17:09:46.525075,0.261,0.0759,0.1375,0.1441,0.0616
2026-02-04T17:09:47.526759,0.2483,0.0463,0.1186,0.1307,0.0678
2026-02-04T17:09:48.527699,0.2446,0.0352,0.1029,0.1323,0.0117
2026-02-04T17:09:49.528321,0.2966,0.0825,0.0983,0.1295,0.0185
2026-02-04T17:09:50.529003,0.2925,0.1027,0.1144,0.1531,0.0642
2026-02-04T17:09:51.529777,0.283,0.0715,0.0883,0.1418,0.0173
2026-02-04T17:09:52.531155,0.2309,-0.0157,-0.1747,-0.0205,-0.2593
2026-02-04T17:09:53.532756,0.2554,0.0229,-0.1349,-0.0507,-0.1567
2026-02-04T17:09:54.533788,0.2227,0.0093,-0.0205,-0.0738,-0.0732
2026-02-04T17:09:55.534558,0.2102,0.0063,0.0388,-0.0634,-0.0421
2026-02-04T17:09:56.538712,0.1698,-0.0534,-0.0542,-0.0407,-0.305
2026-02-04T17:09:57.540482,0.1572,0.0062,-0.0268,0.0175,-0.2335
2026-02-04T17:09:58.541222,0.2084,0.1536,0.0266,0.0081,-0.0992
2026-02-04T17:09:59.542151,0.234,0.2382,0.1709,0.0071,0.0117
2026-02-04T17:10:00.542925,0.2412,0.2356,0.177,0.0502,-0.0754
2026-02-04T17:10:01.543576,0.2704,0.2437,0.1095,0.0289,-0.082
2026-02-04T17:10:02.545066,0.3327,0.262,0.1839,0.0072,-0.0072
2026-02-04T17:10:03.547076,0.3001,0.2249,0.1462,0.0178,0.0178
2026-02-04T17:10:04.555207,0.3786,0.2242,0.0722,0.0693,-0.0523
2026-02-04T17:10:05.557208,0.2678,0.2149,0.0531,0.0465,-0.0024
2026-02-04T17:10:06.558126,0.2782,0.2073,0.0537,0.0739,0.0078
2026-02-04T17:10:07.559325,0.268,0.2385,0.0385,0.1013,-0.0304
2026-02-04T17:10:08.561981,0.3093,0.2338,0.0103,0.1131,-0.0165
2026-02-04T17:10:09.562781,0.3466,0.2453,0.1106,0.0865,-0.0195
2026-02-04T17:10:10.564260,0.2694,0.1865,0.1506,-0.0023,-0.0134
2026-02-04T17:10:11.565749,0.2593,0.1844,0.0842,0.0429,-0.1685
2026-02-04T17:10:12.566649,0.1946,0.1677,0.0244,0.0687,-0.0848
2026-02-04T17:10:13.568713,0.1527,0.1768,-0.0194,0.0691,-0.0118
2026-02-04T17:10:14.570102,0.2239,0.0472,0.0422,0.0585,-0.1371
2026-02-04T17:10:15.570969,0.2378,0.0478,0.0697,0.0573,-0.2718
2026-02-04T17:10:16.571610,0.1819,0.1389,-0.1314,0.0345,-0.0628
2026-02-04T17:10:17.572915,0.2394,0.1603,-0.029,0.0625,-0.1334
2026-02-04T17:10:18.575057,0.217,0.1459,0.0066,0.0183,-0.2167
2026-02-04T17:10:19.575819,0.2609,0.1645,-0.062,0.0407,-0.2336
2026-02-04T17:10:20.578508,0.2018,0.1671,-0.1122,0.0989,-0.2394
2026-02-04T17:10:21.580596,0.1372,0.1846,-0.1028,0.0383,-0.2111
2026-02-04T17:10:22.582865,0.2921,0.2028,0.0716,0.0078,-0.0265
2026-02-04T17:10:23.585061,0.3168,0.1845,0.071,0.0709,0.0368
2026-02-04T17:10:24.585658,0.2383,0.1774,0.0243,0.0386,-0.0024
2026-02-04T17:10:25.586538,0.2147,0.1615,0.0508,0.0382,-0.078
2026-02-04T17:10:26.588555,0.2715,0.1935,0.0621,0.0615,-0.0729
2026-02-04T17:10:27.589081,0.2653,0.2256,-0.0001,0.0803,-0.0639
2026-02-04T17:10:28.591315,0.2043,0.2265,0.0903,0.1399,0.1476
2026-02-04T17:10:29.593063,0.1529,0.2259,0.0861,0.1063,0.1648
2026-02-04T17:10:30.595224,0.1486,0.2158,0.0762,0.1105,0.1679
2026-02-04T17:10:31.596109,0.0695,0.1592,0.0217,0.128,-0.0712
2026-02-04T17:10:32.597143,0.2677,0.1652,-0.0247,0.0737,-0.0752
2026-02-04T17:10:33.598551,0.2738,0.2034,0.0432,0.0629,-0.0625
2026-02-04T17:10:34.600391,0.2455,0.1904,0.0796,0.039,-0.1915
2026-02-04T17:10:35.600913,0.3121,0.1794,0.1653,0.0767,-0.0487
2026-02-04T17:10:36.601848,0.0953,0.1801,-0.0221,0.0618,0.009
2026-02-04T17:10:37.603175,0.1008,0.1702,-0.0458,0.0577,0.0008
2026-02-04T17:10:38.604204,0.1503,0.2064,-0.0437,0.0215,0.0076
2026-02-04T17:10:39.605537,0.1536,0.2347,-0.0153,0.0542,0.0058
2026-02-04T17:10:40.606340,0.112,0.2061,-0.0314,0.031,0.0205
2026-02-04T17:10:41.606887,0.2264,0.1924,-0.0679,0.0463,-0.0855
2026-02-04T17:10:42.608024,0.2632,0.2362,0.003,0.0888,-0.0896
2026-02-04T17:10:43.608784,0.2667,0.2778,0.0793,0.122,-0.0767
2026-02-04T17:10:44.610088,0.2165,0.2638,0.0877,0.144,-0.0763
2026-02-04T17:10:45.611766,0.2768,0.2877,0.0898,0.133,-0.0843
2026-02-04T17:10:46.612675,0.2622,0.2507,0.0423,0.1347,-0.134
2026-02-04T17:10:47.613659,0.2545,0.2724,0.0544,0.15,-0.0763
2026-02-04T17:10:48.615241,0.2515,0.2495,0.0738,0.1184,-0.0687
2026-02-04T17:10:49.616017,0.1397,0.1911,0.0434,0.1133,0.0263
2026-02-04T17:10:50.616696,0.1582,0.21,0.0733,0.1592,-0.0103
2026-02-04T17:10:51.618209,0.1584,0.2216,-0.0031,0.1099,0.0349
2026-02-04T17:10:52.618976,0.3815,0.2613,0.059,0.035,0.0293
2026-02-04T17:10:53.619749,0.2641,0.232,0.0717,0.1149,0.0273
2026-02-04T17:10:54.621569,0.2533,0.2316,0.1047,0.1391,0.0185
2026-02-04T17:10:55.622440,0.1704,0.2357,0.0754,0.0779,-0.0593
2026-02-04T17:10:56.623779,0.1036,0.2202,0.0989,0.0697,-0.1157
2026-02-04T17:10:57.624579,0.0795,0.18,0.1153,0.083,-0.0809
2026-02-04T17:10:58.625619,0.2537,0.1756,-0.0322,0.0342,-0.1295
2026-02-04T17:10:59.626407,0.2516,0.2031,0.0183,0.0627,-0.1586
2026-02-04T17:11:00.627679,0.2661,0.1898,0.0697,0.0998,-0.0363
2026-02-04T17:11:01.628632,0.3297,0.2048,0.1632,0.0854,0.05
2026-02-04T17:11:02.629277,0.353,0.2448,0.2265,0.1093,0.1407
2026-02-04T17:11:03.630462,0.256,0.2465,0.1076,0.0968,-0.1392
2026-02-04T17:11:04.631357,0.307,0.2621,0.0886,0.0866,0.0606
2026-02-04T17:11:05.633024,0.3095,0.2245,0.0669,0.1805,0.0183
2026-02-04T17:11:06.640420,0.2087,0.1197,-0.1871,0.0046,-0.0759
2026-02-04T17:11:07.645412,0.2302,0.1632,-0.1404,0.0046,-0.2618
2026-02-04T17:11:08.646634,0.227,0.2132,0.0043,0.0295,-0.1814
2026-02-04T17:11:09.648090,0.1651,0.2195,0.0842,0.0675,-0.1397
2026-02-04T17:11:10.648997,0.2664,0.1755,0.0338,0.1021,-0.02
2026-02-04T17:11:11.650124,0.2663,0.1919,0.0333,0.1049,-0.129
2026-02-04T17:11:12.652272,0.2732,0.1668,-0.0519,0.0766,-0.1647
2026-02-04T17:11:13.653719,0.2412,0.2077,-0.0874,0.0517,-0.1127
2026-02-04T17:11:14.655032,0.1243,0.2058,-0.0796,0.0254,-0.1004
2026-02-04T17:11:15.656604,0.2002,0.1884,-0.1637,0.0337,-0.2393
2026-02-04T17:11:16.658781,0.1896,0.1688,-0.0123,0.0572,-0.1406
2026-02-04T17:11:17.659786,0.1802,0.1452,0.0533,0.0488,-0.0934
2026-02-04T17:11:18.660638,0.2671,0.1107,-0.0487,0.0619,-0.1034
2026-02-04T17:11:19.661786,0.296,0.2174,-0.018,0.0254,-0.0391
2026-02-04T17:11:20.663134,0.2029,0.1969,0.0752,0.1049,-0.1043
2026-02-04T17:11:21.664525,0.2407,0.1954,0.0532,0.0519,-0.0508
2026-02-04T17:11:22.666066,0.3179,0.1948,0.0199,0.0568,-0.0344
2026-02-04T17:11:23.668491,0.3275,0.1652,-0.0017,0.0732,-0.2316
2026-02-04T17:11:24.669556,0.2656,0.1533,-0.0782,0.0667,-0.1329
2026-02-04T17:11:25.670912,0.161,0.1503,-0.0059,0.0619,-0.0826
2026-02-04T17:11:26.671622,0.1448,0.1553,-0.0365,-0.0245,-0.1365
2026-02-04T17:11:27.673020,0.2026,0.1421,-0.0079,0.0142,-0.1389
2026-02-04T17:11:28.673941,0.2563,0.1339,-0.0244,0.0286,-0.2539
2026-02-04T17:11:29.675398,0.3605,0.2141,0.073,0.0749,0.0135
2026-02-04T17:11:30.688821,0.3987,0.1761,0.1121,0.0348,0.0745
2026-02-04T17:11:31.691604,0.2802,0.1491,0.1372,0.008,-0.0501
2026-02-04T17:11:32.693732,0.219,0.2208,0.1633,-0.0316,-0.048
2026-02-04T17:11:33.694508,0.2233,0.1759,-0.1214,0.0128,-0.0109
2026-02-04T17:11:34.695258,0.2806,0.176,-0.0173,0.05,-0.0708
2026-02-04T17:11:35.696991,0.232,0.1576,0.022,0.0847,-0.1721
2026-02-04T17:11:36.698170,0.2056,0.1695,0.0462,0.0621,-0.1012
2026-02-04T17:11:37.699578,0.232,0.1644,-0.0192,0.0278,-0.0973
2026-02-04T17:11:38.700410,0.1902,0.1652,-0.0607,-0.0026,-0.1805
2026-02-04T17:11:39.701830,0.1543,0.1829,-0.0608,-0.009,-0.1454
2026-02-04T17:11:40.702617,0.2006,0.1841,-0.1139,-0.0107,-0.1109
2026-02-04T17:11:41.704380,0.2038,0.2161,-0.1179,0.0269,-0.0944
2026-02-04T17:11:42.707684,0.1049,0.2065,-0.1098,0.0371,-0.1854
2026-02-04T17:11:43.709202,0.1234,0.1272,-0.0844,0.0337,-0.1225
2026-02-04T17:11:44.710835,0.1737,0.1695,-0.044,0.0478,0.0063
2026-02-04T17:11:45.711891,0.17,0.1714,-0.0184,0.0505,0.0644
2026-02-04T17:11:46.712762,0.3025,0.1855,0.0553,0.0906,-0.1413
2026-02-04T17:11:47.713471,0.3417,0.2226,0.0435,0.078,-0.1396
2026-02-04T17:11:48.714773,0.3395,0.2016,0.0869,0.0258,-0.0651
2026-02-04T17:11:49.715449,0.3153,0.1775,0.0653,0.0517,-0.1062
2026-02-04T17:11:50.716247,0.3011,0.2286,0.0414,0.0325,-0.1532
2026-02-04T17:11:51.717379,0.3512,0.2388,0.0141,0.0401,-0.1484
2026-02-04T17:11:52.718677,0.3572,0.2356,-0.0046,0.0442,-0.0599
2026-02-04T17:11:53.719827,0.1852,0.1283,-0.0193,0.0281,-0.152
2026-02-04T17:11:54.720831,0.2485,0.2717,0.0411,0.1144,0.0476
2026-02-04T17:11:55.721535,0.1885,0.234,0.0152,0.0873,-0.0109
2026-02-04T17:11:56.722735,0.1477,0.1877,-0.0524,0.0049,-0.3022
2026-02-04T17:11:57.723770,0.19,0.1716,0.0215,0.0216,-0.2398
2026-02-04T17:11:58.724724,0.1041,0.1543,-0.0302,0.0782,-0.2693
2026-02-04T17:11:59.725682,0.1794,0.1678,0.0097,0.0928,-0.0482
2026-02-04T17:12:00.726410,0.1833,0.1658,-0.0071,0.0926,-0.0928
2026-02-04T17:12:01.727080,0.1308,0.166,0.0056,0.085,-0.1154
2026-02-04T17:12:02.812581,0.1273,0.152,0.0478,0.0763,-0.1354
2026-02-04T17:12:03.816391,0.1395,0.1597,0.0043,0.0832,-0.048
2026-02-04T17:12:04.817670,0.3591,0.2177,-0.0637,0.0017,-0.1313
2026-02-04T17:12:05.818581,0.3637,0.1875,0.0197,0.0618,-0.015
2026-02-04T17:12:06.819475,0.2558,0.1519,0.1197,0.0612,0.1043
2026-02-04T17:12:07.820520,0.2121,0.1347,0.1162,0.0423,0.22
2026-02-04T17:12:08.821437,0.2725,0.1649,0.0034,-0.0103,0.0572
2026-02-04T17:12:09.823085,0.3272,0.171,0.0622,0.0428,0.0337
2026-02-04T17:12:10.824129,0.2288,0.1659,0.0345,0.0458,-0.0369
2026-02-04T17:12:11.825806,0.244,0.1226,-0.0616,0.0079,-0.2295
2026-02-04T17:12:12.828354,0.313,0.1537,-0.1318,-0.0023,-0.1033
2026-02-04T17:12:13.830038,0.0828,0.1795,-0.1918,-0.0099,-0.1693
2026-02-04T17:12:14.831705,-0.0805,0.1094,-0.0933,-0.0399,-0.2912
2026-02-04T17:12:15.832938,0.1467,0.115,-0.0944,-0.0327,-0.2635
2026-02-04T17:12:16.833974,0.2144,0.173,-0.0032,0.0105,-0.2073
2026-02-04T17:12:17.835638,0.1079,0.1374,-0.0654,0.0297,-0.057
2026-02-04T17:12:18.836603,0.1967,0.1487,0.0156,0.0536,0.0351
2026-02-04T17:12:19.838176,0.1119,0.1523,0.0195,-0.0173,0.0994
2026-02-04T17:12:20.839560,0.1077,0.1273,0.0496,-0.0268,0.1309
2026-02-04T17:12:21.841445,0.1405,0.0847,0.0054,0.0242,-0.0517
2026-02-04T17:12:22.842199,0.4349,0.2428,0.3113,0.0838,0.2456
2026-02-04T17:12:23.843178,0.4209,0.207,0.2556,0.0757,0.1931
2026-02-04T17:12:24.844527,0.2541,0.1198,0.0074,0.0442,-0.0558
2026-02-04T17:12:25.845639,0.2215,0.1479,-0.1145,0.0217,-0.1185
2026-02-04T17:12:26.846580,0.2247,0.1232,-0.0585,-0.0417,-0.0119
2026-02-04T17:12:27.848102,0.2695,0.1316,-0.0451,-0.0511,-0.0359
2026-02-04T17:12:28.849381,0.2365,0.1001,-0.1036,-0.0609,-0.0439
2026-02-04T17:12:29.850106,0.1749,0.1217,0.0045,0.0004,-0.0714
2026-02-04T17:12:30.850784,0.151,0.0474,0.0055,-0.0312,-0.065
2026-02-04T17:12:31.851500,0.1633,0.1226,-0.0889,-0.0187,-0.0962
2026-02-04T17:12:32.853430,0.1578,0.1422,-0.0581,0.0406,-0.027
2026-02-04T17:12:33.854886,0.1088,0.0712,-0.0739,0.0502,-0.233
2026-02-04T17:12:34.856397,0.0068,0.05,-0.0964,-0.0324,-0.3287
2026-02-04T17:12:35.857007,0.1511,0.1295,-0.0334,-0.0008,0.093
2026-02-04T17:12:36.857882,0.2172,0.1456,0.024,0.0008,-0.0554
2026-02-04T17:12:37.859534,0.0855,0.1372,0.1025,0.013,-0.0917
2026-02-04T17:12:38.860765,0.0978,0.1409,0.0541,0.0317,-0.0707
2026-02-04T17:12:39.862014,0.2258,0.141,-0.2134,0.1064,-0.0385
2026-02-04T17:12:40.863497,0.2418,0.2061,-0.0529,0.1316,-0.0608
2026-02-04T17:12:41.864567,0.2794,0.1481,0.0349,0.0743,-0.1549
2026-02-04T17:12:42.866697,0.2753,0.1555,0.0467,-0.0192,-0.2049
2026-02-04T17:12:43.867959,0.3197,0.1774,-0.0082,-0.0437,-0.0694
2026-02-04T17:12:44.870431,0.255,0.1597,0.0569,-0.0503,-0.1071
2026-02-04T17:12:45.871262,0.2649,0.1752,-0.1169,-0.0271,-0.3161
2026-02-04T17:12:46.872427,0.2491,0.1608,-0.0002,0.0341,-0.148
2026-02-04T17:12:47.873372,0.1377,0.1628,0.0186,0.0481,-0.0556
2026-02-04T17:12:48.874529,0.1363,0.1213,-0.0149,0.0488,-0.1947
2026-02-04T17:12:49.875443,0.1234,0.0832,-0.0357,0.0167,-0.1877
2026-02-04T17:12:50.877366,0.1154,0.072,-0.0097,0.0276,-0.1263
2026-02-04T17:12:51.879382,0.1417,0.105,-0.0067,0.0276,-0.1131
2026-02-04T17:12:52.880067,0.0871,0.1047,0.0126,0.0528,-0.0715
2026-02-04T17:12:53.880667,0.1172,0.1095,-0.0353,0.0634,-0.1669
2026-02-04T17:12:54.883178,0.36,0.1514,0.1585,0.1333,-0.0736
2026-02-04T17:12:55.884672,0.3069,0.2292,0.1283,0.1682,-0.0264
2026-02-04T17:12:56.885768,0.2222,0.2554,-0.0245,0.1612,0.1565
2026-02-04T17:12:57.887854,0.2432,0.1788,-0.0414,0.1461,0.211
2026-02-04T17:12:58.889867,0.2411,0.1731,-0.0264,0.1389,0.24
2026-02-04T17:12:59.890962,0.1717,0.2044,-0.0796,0.1542,0.0308
2026-02-04T17:13:00.892014,0.1782,0.1636,-0.0803,0.1714,-0.0311
2026-02-04T17:13:01.894217,0.0233,0.1169,-0.0959,0.1171,-0.1144
2026-02-04T17:13:02.895170,0.0241,0.0801,-0.1252,0.1516,-0.1638
2026-02-04T17:13:03.896434,0.2418,0.2156,0.053,0.2687,0.0147
2026-02-04T17:13:04.897044,0.2676,0.2777,0.1767,0.2546,0.0509
2026-02-04T17:13:05.898661,0.1801,0.2607,0.0817,0.2308,-0.102
2026-02-04T17:13:06.900275,0.1252,0.2582,0.042,0.2244,-0.1387
2026-02-04T17:13:07.902305,0.1933,0.2376,0.0755,0.1887,-0.1302
2026-02-04T17:13:08.902782,0.1842,0.2294,0.1031,0.1651,-0.1956
2026-02-04T17:13:09.903375,0.3068,0.2503,0.0508,0.1631,-0.1036
2026-02-04T17:13:10.905571,0.2029,0.2717,-0.0294,0.1597,-0.0435
2026-02-04T17:13:11.906379,0.1897,0.2517,-0.0467,0.1695,-0.0477
2026-02-04T17:13:12.908268,0.2271,0.1801,0.0469,0.1427,-0.0853
2026-02-04T17:13:13.914106,0.2074,0.2591,0.0019,0.1468,0.0425
2026-02-04T17:13:14.915911,0.311,0.3038,0.0144,0.1074,0.0674
2026-02-04T17:13:15.916914,0.2121,0.261,-0.0966,0.1615,-0.146
2026-02-04T17:13:16.918952,0.1902,0.2621,-0.0572,0.1394,-0.1911
2026-02-04T17:13:17.920642,0.1528,0.284,-0.0867,0.1536,-0.1448
2026-02-04T17:13:18.921748,0.095,0.2776,-0.129,0.1324,-0.0871
2026-02-04T17:13:19.924053,0.1332,0.2675,-0.1066,0.1438,-0.0784
2026-02-04T17:13:20.925912,0.1641,0.2933,-0.1177,0.1669,-0.1016
2026-02-04T17:13:21.927216,0.2281,0.2975,0.0442,0.0934,-0.0324
2026-02-04T17:13:22.928974,0.2021,0.2769,0.08,0.0975,0.0881
2026-02-04T17:13:23.929904,0.2914,0.2346,0.0221,0.1186,0.0944
2026-02-04T17:13:24.930846,0.3073,0.2814,0.1505,0.1424,0.1226
2026-02-04T17:13:25.931532,0.274,0.2471,0.1522,0.1121,0.1324
2026-02-04T17:13:26.932468,0.3665,0.3793,0.1224,0.22,0.1657
2026-02-04T17:13:27.933805,0.3499,0.3784,0.0061,0.2147,0.0172
2026-02-04T17:13:28.936363,0.2768,0.3247,-0.0606,0.1666,0.0634
2026-02-04T17:13:29.937746,0.1529,0.3624,-0.0292,0.2842,0.1286
2026-02-04T17:13:30.938605,0.2641,0.3378,0.0254,0.2462,0.0812
2026-02-04T17:13:31.939246,0.2972,0.322,0.0118,0.2116,0.1833
2026-02-04T17:13:32.940849,0.2987,0.1964,0.0253,0.1979,0.1029
2026-02-04T17:13:33.942393,0.3279,0.1937,0.0689,0.2146,0.231
2026-02-04T17:13:34.943392,0.3092,0.2141,0.088,0.1898,0.2308
2026-02-04T17:13:35.946562,0.2997,0.1755,0.1308,0.1473,0.3176
2026-02-04T17:13:36.947133,0.2948,0.124,0.1137,0.177,0.438
2026-02-04T17:13:37.948278,0.5103,0.4139,0.1558,0.5173,0.1691
2026-02-04T17:13:38.949322,0.5449,0.4273,0.2755,0.4291,0.2119
2026-02-04T17:13:39.950891,0.5167,0.4648,0.2933,0.4446,0.4003
2026-02-04T17:13:40.951660,0.5176,0.4382,0.3442,0.473,0.4674
2026-02-04T17:13:41.953505,0.4967,0.463,0.2938,0.4717,0.4217
2026-02-04T17:13:42.954313,0.5056,0.4946,0.2397,0.4161,0.3215
2026-02-04T17:13:43.955404,0.4949,0.4849,0.2695,0.4015,0.3165
2026-02-04T17:13:44.957127,0.4801,0.4761,0.279,0.431,0.3479
2026-02-04T17:13:45.959820,0.478,0.5229,0.1818,0.4251,0.1713
2026-02-04T17:13:46.960596,0.4958,0.537,0.228,0.4731,0.2049
2026-02-04T17:13:47.961844,0.4657,0.5409,0.1507,0.4487,0.1251
2026-02-04T17:13:48.963099,0.4995,0.5096,0.2053,0.4097,0.0938
2026-02-04T17:13:49.965020,0.4851,0.4968,0.2076,0.4145,0.1679
2026-02-04T17:13:50.966586,0.5265,0.5116,0.2338,0.4183,0.2021
2026-02-04T17:13:51.968617,0.5268,0.5144,0.2369,0.4035,0.1954
2026-02-04T17:13:52.973342,0.5139,0.4911,0.2487,0.416,0.157
2026-02-04T17:13:53.974924,0.5102,0.5304,0.2539,0.4411,0.1594
2026-02-04T17:13:54.977047,0.5678,0.3637,0.3665,0.3236,0.2663
2026-02-04T17:13:55.978478,0.4997,0.3666,0.1748,0.2639,0.2334
2026-02-04T17:13:56.981435,0.4231,0.3768,0.2543,0.326,0.2974
2026-02-04T17:13:57.983024,0.4046,0.3778,0.289,0.3135,0.2823
2026-02-04T17:13:58.985494,0.4582,0.3862,0.2819,0.3164,0.2613
2026-02-04T17:13:59.986261,0.4522,0.3999,0.2868,0.2952,0.2789
2026-02-04T17:14:00.986956,0.4638,0.3614,0.335,0.2925,0.2418
2026-02-04T17:14:01.987850,0.4781,0.2886,0.2646,0.3312,0.2815
2026-02-04T17:14:02.991064,0.4914,0.3359,0.1839,0.2911,0.1578
2026-02-04T17:14:03.992106,0.4117,0.353,0.1313,0.2229,0.2048
2026-02-04T17:14:04.992948,0.4154,0.3298,0.1382,0.2226,0.2297
2026-02-04T17:14:05.993821,0.4424,0.2705,0.1425,0.1247,0.1712
2026-02-04T17:14:06.996462,0.4153,0.2959,0.1861,0.2464,0.1471
2026-02-04T17:14:07.998086,0.4221,0.3885,0.2207,0.3232,0.1803
2026-02-04T17:14:09.001979,0.4515,0.5113,0.1417,0.3747,0.2701
2026-02-04T17:14:10.002587,0.3567,0.4901,0.089,0.3541,0.2963
2026-02-04T17:14:11.003169,0.3526,0.459,0.1091,0.349,0.3009
2026-02-04T17:14:12.003709,0.3784,0.3134,0.1274,0.1908,0.2594
2026-02-04T17:14:13.004833,0.2602,0.2475,0.0421,0.0787,0.2867
2026-02-04T17:14:14.006407,0.361,0.2616,0.1669,0.2397,0.2895
2026-02-04T17:14:15.007183,0.3849,0.3154,0.2879,0.2731,0.3256
2026-02-04T17:14:16.008208,0.4652,0.3892,0.2246,0.2834,0.3058
2026-02-04T17:14:17.009511,0.3613,0.4278,0.1078,0.2299,0.2776
2026-02-04T17:14:18.010450,0.3354,0.448,0.0919,0.2329,0.2023
2026-02-04T17:14:19.011462,0.2935,0.4221,0.0789,0.1823,0.1635
2026-02-04T17:14:20.012772,0.2862,0.4396,0.1126,0.2251,0.1813
2026-02-04T17:14:21.013761,0.388,0.4367,0.1722,0.2638,0.202
2026-02-04T17:14:22.014971,0.411,0.4542,0.1471,0.2515,0.191
2026-02-04T17:14:23.016851,0.3882,0.4435,0.1412,0.245,0.1684
2026-02-04T17:14:24.017869,0.3269,0.2792,0.1514,0.088,0.2486
2026-02-04T17:14:25.018732,0.2413,0.2396,0.1796,0.0558,0.2719
2026-02-04T17:14:26.019273,0.3352,0.3149,0.2486,0.0941,0.2241
2026-02-04T17:14:27.020301,0.386,0.2812,0.1872,0.0377,0.2759
2026-02-04T17:14:28.020814,0.2646,0.2275,0.1305,-0.015,0.294
2026-02-04T17:14:29.021535,0.2893,0.1933,0.0777,-0.0085,0.2631
2026-02-04T17:14:30.023147,0.3183,0.1793,0.1059,0.0219,0.2396
2026-02-04T17:14:31.023925,0.2817,0.2085,0.1181,0.044,0.2736
2026-02-04T17:14:32.024799,0.3057,0.2798,0.1366,0.0637,0.268
2026-02-04T17:14:33.025513,0.0569,0.1547,0.1056,0.0952,0.3469
2026-02-04T17:14:34.026133,0.0065,0.1663,0.1413,0.0688,0.3965
2026-02-04T17:14:35.026870,-0.0094,0.1472,0.1459,0.0614,0.2992
2026-02-04T17:14:36.027813,0.3377,0.3182,0.2182,0.2579,0.1691
2026-02-04T17:14:37.030482,0.3375,0.2684,0.1204,0.1634,0.0239
2026-02-04T17:14:38.032464,0.2754,0.138,-0.0524,0.0792,-0.1184
2026-02-04T17:14:39.033400,0.2018,0.1145,0.0083,0.0999,0.0619
2026-02-04T17:14:40.034036,0.1606,0.208,0.0696,0.0995,0.1076
2026-02-04T17:14:41.035008,0.1778,0.2362,-0.0776,0.0856,0.1361
2026-02-04T17:14:42.036717,0.2426,0.2284,-0.0328,0.0291,0.1844
2026-02-04T17:14:43.037888,0.197,0.2148,-0.1077,0.1015,0.0717
2026-02-04T17:14:44.039148,0.1539,0.1909,-0.1468,0.0916,-0.0198
2026-02-04T17:14:45.040035,0.137,0.1871,-0.0969,0.0708,0.0076
2026-02-04T17:14:46.040751,0.1503,0.1952,-0.0859,0.0516,0.0324
2026-02-04T17:14:47.041441,0.288,0.2909,0.1502,0.1242,0.1038
2026-02-04T17:14:48.042441,0.2675,0.2338,0.044,0.1272,0.1083
2026-02-04T17:14:49.043892,0.1228,0.1927,-0.0482,0.0813,0.0006
2026-02-04T17:14:50.045167,0.1289,0.1984,-0.1816,0.0363,0.0064
2026-02-04T17:14:51.046930,0.2699,0.2001,0.0013,0.0973,0.1303
2026-02-04T17:14:52.048177,0.1931,0.169,0.0734,0.0988,0.205
2026-02-04T17:14:53.050958,0.222,0.1738,0.1432,0.0129,0.1115
2026-02-04T17:14:54.052408,0.2811,0.1888,0.1619,0.0652,0.1426
2026-02-04T17:14:55.053695,0.2173,0.208,-0.0655,0.1577,0.1404
2026-02-04T17:14:56.055045,0.3235,0.3036,0.0673,0.208,0.1648
2026-02-04T17:14:57.056006,0.3306,0.3807,0.1044,0.1883,0.1244
2026-02-04T17:14:58.056453,0.2633,0.3312,0.1935,0.1708,0.1389
2026-02-04T17:14:59.057292,0.3335,0.2726,0.2353,0.1412,0.2366
2026-02-04T17:15:00.058199,0.1305,0.1239,0.1682,0.1131,0.0919
2026-02-04T17:15:01.059639,0.3036,0.2216,0.1361,0.1665,0.0874
2026-02-04T17:15:02.061055,0.2485,0.2833,0.0452,0.155,-0.021
2026-02-04T17:15:03.062823,0.1314,0.2563,-0.1046,0.1014,-0.1183
2026-02-04T17:15:04.064612,0.2975,0.2672,0.0156,0.1403,0.0321
2026-02-04T17:15:05.065866,0.3859,0.2908,0.0276,0.1319,0.0345
2026-02-04T17:15:06.066548,0.3534,0.2903,0.0757,0.1321,0.0678
2026-02-04T17:15:07.068012,0.368,0.3041,0.1269,0.172,0.099
2026-02-04T17:15:08.068808,0.3091,0.254,-0.0758,0.0846,0.1151
2026-02-04T17:15:09.070703,0.2437,0.242,0.0326,0.0726,0.1672
2026-02-04T17:15:10.071673,0.2283,0.214,0.1215,0.1151,0.1762
2026-02-04T17:15:11.072706,0.2471,0.291,0.0955,0.0679,0.2146
2026-02-04T17:15:12.073627,0.292,0.3215,0.0971,0.0542,0.2209
2026-02-04T17:15:13.075385,0.3727,0.3303,0.1039,0.0704,-0.0412
2026-02-04T17:15:14.076546,0.3699,0.2734,0.1191,0.1026,-0.0514
2026-02-04T17:15:15.078133,0.2443,0.1862,-0.1591,0.1059,-0.1131
2026-02-04T17:15:16.079040,0.2174,0.2076,-0.1196,0.0867,-0.0514
2026-02-04T17:15:17.080401,0.2764,0.2223,-0.0273,0.1292,0.0081
2026-02-04T17:15:18.081520,0.3516,0.2862,0.2029,0.1146,0.1636
2026-02-04T17:15:19.084423,0.3712,0.2864,0.3059,0.0692,0.3403
2026-02-04T17:15:20.085501,0.3661,0.2521,0.1471,-0.0491,0.1303
2026-02-04T17:15:21.087097,0.3621,0.2223,-0.0567,-0.0099,0.0686
2026-02-04T17:15:22.089410,0.3227,0.098,0.1157,-0.0306,0.1534
2026-02-04T17:15:23.091042,0.3174,0.1522,0.1815,0.0861,0.2176
2026-02-04T17:15:24.092130,0.2718,0.1888,0.1796,0.1165,0.2587
2026-02-04T17:15:25.093528,0.3283,0.2285,0.2354,0.0479,0.254
2026-02-04T17:15:26.094425,0.2591,0.3411,0.2214,0.1031,0.2093
2026-02-04T17:15:27.095325,0.361,0.3308,0.0319,0.1776,0.0126
2026-02-04T17:15:28.097175,0.3444,0.2262,-0.1615,0.1714,0.0378
2026-02-04T17:15:29.098912,0.3432,0.3023,0.073,0.1648,0.0761
2026-02-04T17:15:30.100667,0.3454,0.3598,0.1836,0.1731,0.1833
2026-02-04T17:15:31.101437,0.2924,0.2428,-0.1345,0.0528,0.0868
2026-02-04T17:15:32.102693,0.2301,0.229,-0.1247,0.0695,0.0724
2026-02-04T17:15:33.103779,0.278,0.2616,-0.0982,0.0976,-0.1288
2026-02-04T17:15:34.105843,0.2459,0.3063,-0.0311,0.201,0.056
2026-02-04T17:15:35.107282,0.2512,0.3237,0.1515,0.2181,0.2697
2026-02-04T17:15:36.108230,0.243,0.2336,0.1443,-0.0489,0.162
2026-02-04T17:15:37.109970,0.3196,0.2148,-0.0268,0.0022,-0.1636
2026-02-04T17:15:38.111026,0.3654,0.2205,-0.0077,0.0606,-0.075
2026-02-04T17:15:39.113701,0.296,0.2257,0.0641,0.1081,0.0072
2026-02-04T17:15:40.115116,0.3419,0.2464,-0.0389,0.0674,0.0088
2026-02-04T17:15:41.117184,0.2222,0.2485,0.1764,0.0798,0.1584
2026-02-04T17:15:42.118174,0.2788,0.165,0.0952,0.098,0.1777
2026-02-04T17:15:43.119450,0.1147,0.2007,0.0776,0.0758,0.2304
2026-02-04T17:15:44.122081,0.1279,0.2879,0.0538,0.2103,0.2342
2026-02-04T17:15:45.122793,0.1786,0.3074,0.0015,0.2372,0.0192
2026-02-04T17:15:46.126319,0.3162,0.3037,-0.0184,0.1661,0.049
2026-02-04T17:15:47.127938,0.2645,0.2702,0.0809,0.2013,0.2174
2026-02-04T17:15:48.129592,0.2826,0.2166,0.01,0.1943,0.0993
2026-02-04T17:15:49.131457,0.3024,0.2466,0.1364,0.1207,0.1199
2026-02-04T17:15:50.132153,0.2371,0.262,0.2282,0.2015,0.1546
2026-02-04T17:15:51.133592,0.3025,0.2747,0.2399,0.2569,0.2529
2026-02-04T17:15:52.134924,0.217,0.2028,0.0693,0.1557,0.1983
2026-02-04T17:15:53.135977,0.1788,0.25,0.1714,0.1041,0.4089
2026-02-04T17:15:54.137595,0.2259,0.2749,0.1798,-0.0415,0.2996
2026-02-04T17:15:55.138573,0.2107,0.2512,0.0756,-0.0313,0.3716
2026-02-04T17:15:56.139459,0.1914,0.18,-0.0096,0.1139,0.0402
2026-02-04T17:15:57.141158,0.2789,0.2131,0.0458,0.11,0.0999
2026-02-04T17:15:58.142173,0.2536,0.2712,0.0706,0.1544,0.1856
2026-02-04T17:15:59.143326,0.3699,0.1724,0.0831,0.0489,-0.0296
2026-02-04T17:16:00.144800,0.32,0.1826,0.0279,0.0327,0.0825
2026-02-04T17:16:01.146559,0.3709,0.2034,0.0258,0.0364,0.149
2026-02-04T17:16:02.147582,0.4015,0.1998,0.0385,0.0464,0.1234
2026-02-04T17:16:03.149375,0.3503,0.2111,0.011,0.0119,-0.008
2026-02-04T17:16:04.150537,0.3143,0.2145,-0.0141,0.0002,0.1431
2026-02-04T17:16:05.151990,0.2997,0.3942,0.1017,0.1514,0.2238
2026-02-04T17:16:06.154282,0.186,0.211,-0.0798,0.0879,0.1031
2026-02-04T17:16:07.156565,0.2223,0.2368,-0.0793,0.0656,0.0857
2026-02-04T17:16:08.157619,0.2326,0.3378,-0.0032,0.1298,0.0573
2026-02-04T17:16:09.158684,0.2689,0.3694,0.082,0.1687,0.1126
2026-02-04T17:16:10.160034,0.2854,0.3553,0.0815,0.1401,0.0854
2026-02-04T17:16:11.192792,0.2711,0.3095,-0.0836,0.0916,0.008
2026-02-04T17:16:12.195488,0.2455,0.2754,-0.1902,0.079,-0.0751
2026-02-04T17:16:13.196568,0.359,0.3657,-0.0125,0.2002,0.0149
2026-02-04T17:16:14.198077,0.3051,0.3627,-0.0262,0.2184,0.0952
2026-02-04T17:16:15.199442,0.3636,0.2655,0.0063,0.2468,0.1318
2026-02-04T17:16:16.200594,0.3835,0.257,-0.0004,0.2579,0.1643
2026-02-04T17:16:17.202600,0.2836,0.2715,0.0116,0.1632,0.1154
2026-02-04T17:16:18.203770,0.306,0.2858,-0.0111,0.1721,0.1122
2026-02-04T17:16:19.204999,0.3796,0.3349,-0.0351,0.2582,0.0343
2026-02-04T17:16:20.205910,0.305,0.35,0.0569,0.251,0.0744
2026-02-04T17:16:21.207811,0.3531,0.3434,0.1314,0.188,-0.0141
2026-02-04T17:16:22.208964,0.3839,0.3775,0.1627,0.2716,0.0878
2026-02-04T17:16:23.216080,0.4083,0.4402,0.1129,0.3131,0.1682
2026-02-04T17:16:24.219878,0.3896,0.3777,-0.0159,0.2302,0.203
2026-02-04T17:16:25.221844,0.4289,0.3241,0.0324,0.1303,-0.0559
2026-02-04T17:16:26.222803,0.4361,0.3213,0.1013,0.1896,0.1309
2026-02-04T17:16:27.224206,0.3265,0.2909,-0.0108,0.1899,0.0886
2026-02-04T17:16:28.225222,0.3939,0.3021,0.0395,0.1323,0.1542
2026-02-04T17:16:29.227298,0.4006,0.3346,-0.0385,0.1177,0.1345
2026-02-04T17:16:30.229166,0.3211,0.3208,0.0957,0.0456,0.1663
2026-02-04T17:16:31.230388,0.2615,0.3385,0.1399,0.0393,0.1478
2026-02-04T17:16:32.231572,0.2746,0.38,0.1826,0.0529,0.2222
2026-02-04T17:16:33.232727,0.3029,0.3651,-0.003,0.0702,0.1009
2026-02-04T17:16:34.234157,0.4058,0.3677,0.1926,0.3156,0.134
2026-02-04T17:16:35.235715,0.3528,0.3695,0.2501,0.2611,0.0895
2026-02-04T17:16:36.236922,0.419,0.3637,0.1136,0.242,0.0578
2026-02-04T17:16:37.238650,0.4408,0.3559,0.0957,0.1724,0.0037
2026-02-04T17:16:38.240165,0.4189,0.3585,0.1552,0.1341,0.032
2026-02-04T17:16:39.241018,0.5352,0.4301,0.2688,0.1584,0.1166
2026-02-04T17:16:40.242808,0.4413,0.4026,0.2222,0.2158,0.1732
2026-02-04T17:16:41.245303,0.4813,0.4402,0.2211,0.2283,0.1811
2026-02-04T17:16:42.245964,0.2948,0.2257,-0.0222,0.1625,0.0176
2026-02-04T17:16:43.247893,0.1574,0.1745,-0.0205,0.1152,0.1239
2026-02-04T17:16:44.248660,0.2257,0.184,0.0219,0.1414,0.2477
2026-02-04T17:16:45.250580,0.2821,0.2009,0.0881,0.1605,0.3113
2026-02-04T17:16:46.252868,0.3778,0.2577,0.1404,0.1585,0.206
2026-02-04T17:16:47.254340,0.4754,0.3574,0.2811,0.2386,0.1461
2026-02-04T17:16:48.255675,0.3662,0.3048,0.086,0.1823,0.0586
2026-02-04T17:16:49.257262,0.2793,0.3301,-0.0228,0.219,0.1737
2026-02-04T17:16:50.258155,0.3275,0.3384,0.093,0.1661,0.3232
2026-02-04T17:16:51.260178,0.3543,0.3697,0.2253,0.1616,0.1694
2026-02-04T17:16:52.261502,0.3769,0.3323,0.2528,0.2057,0.2662
2026-02-04T17:16:53.264042,0.4229,0.3066,0.276,0.2608,0.3384
2026-02-04T17:16:54.265149,0.3409,0.3462,0.2582,0.2471,0.3134
2026-02-04T17:16:55.266959,0.2895,0.34,0.0388,0.0644,0.1134
2026-02-04T17:16:56.270011,0.2807,0.3121,-0.0259,0.098,0.2512
2026-02-04T17:16:57.271463,0.2922,0.1947,-0.0437,0.0717,0.0402
2026-02-04T17:16:58.273310,0.4178,0.1811,0.0163,0.1463,0.143
2026-02-04T17:16:59.275290,0.4421,0.2409,0.0033,0.1515,-0.0457
2026-02-04T17:17:00.276980,0.3214,0.2349,-0.0221,0.1707,-0.085
2026-02-04T17:17:01.279856,0.3561,0.3396,0.0176,0.167,-0.0991
2026-02-04T17:17:02.283225,0.4416,0.3867,0.0883,0.301,-0.0193
2026-02-04T17:17:03.284354,0.3725,0.4032,0.19,0.2525,0.122
2026-02-04T17:17:04.285093,0.295,0.3607,0.1607,0.2598,0.1034
2026-02-04T17:17:05.286990,0.2805,0.2675,0.1894,0.0859,0.2381
2026-02-04T17:17:06.287598,0.3403,0.1568,0.1482,0.1018,0.184
2026-02-04T17:17:07.288891,0.417,0.244,0.2354,0.1761,-0.0365
2026-02-04T17:17:08.290516,0.3841,0.3436,0.239,0.1733,0.0094
2026-02-04T17:17:09.291827,0.3372,0.319,0.1612,0.1455,0.1242
2026-02-04T17:17:10.292806,0.2996,0.3698,0.1565,0.2385,0.0792
2026-02-04T17:17:11.294099,0.3936,0.3623,0.1273,0.262,0.0344
2026-02-04T17:17:12.295335,0.4047,0.3673,0.0707,0.1866,0.1782
2026-02-04T17:17:13.296034,0.3508,0.4011,0.1729,0.1671,0.1813
2026-02-04T17:17:14.297110,0.3771,0.2934,0.2315,0.1739,0.2952
2026-02-04T17:17:15.297894,0.3519,0.2386,0.223,0.1518,0.3708
2026-02-04T17:17:16.298632,0.3543,0.2441,0.2561,0.1868,0.4474
2026-02-04T17:17:17.300919,0.3224,0.2744,0.2317,0.1817,0.4045
2026-02-04T17:17:18.303713,0.2872,0.2449,0.1199,0.1313,0.3394
2026-02-04T17:17:19.304884,0.3209,0.2386,0.0798,0.144,0.3014
2026-02-04T17:17:20.306765,0.2823,0.2111,0.1779,0.153,0.1388
2026-02-04T17:17:21.307252,0.247,0.244,0.1071,0.208,0.1936
2026-02-04T17:17:22.307917,0.3112,0.2459,0.1596,0.1929,0.2637
2026-02-04T17:17:23.310037,0.1858,0.1426,0.0449,0.0559,0.2384
2026-02-04T17:17:24.313555,0.1997,0.2452,0.0918,0.0782,-0.0313
2026-02-04T17:17:25.314489,0.3886,0.1824,0.0759,0.052,0.0701
2026-02-04T17:17:26.315675,0.4562,0.1272,0.0952,0.1009,0.0717
2026-02-04T17:17:27.318385,0.2915,0.2361,0.1204,0.1711,-0.0019
2026-02-04T17:17:28.319374,0.2984,0.194,0.0851,0.1521,0.0417
2026-02-04T17:17:29.321190,0.3042,0.2146,0.0644,0.1479,0.0065
2026-02-04T17:17:30.322610,0.3396,0.2517,-0.0121,0.1477,0.1719
2026-02-04T17:17:31.325584,0.3776,0.2947,-0.0026,0.1705,0.1423
2026-02-04T17:17:32.327176,0.4026,0.285,0.0551,0.2071,0.0761
2026-02-04T17:17:33.328144,0.3096,0.2644,-0.0422,0.1785,0.1401
2026-02-04T17:17:34.329461,0.394,0.2608,0.151,0.1434,0.1173
2026-02-04T17:17:35.330341,0.3793,0.3136,0.2162,0.1606,0.1307
2026-02-04T17:17:36.331629,0.347,0.3385,-0.1051,0.2187,0.0427
2026-02-04T17:17:37.332680,0.3472,0.3356,0.0424,0.2088,0.0271
2026-02-04T17:17:38.333989,0.2891,0.1949,0.0434,0.0583,0.0488
2026-02-04T17:17:39.336283,0.2955,0.1455,0.0343,0.0615,0.0025
2026-02-04T17:17:40.337037,0.2373,0.1477,-0.0652,0.191,-0.025
2026-02-04T17:17:41.337928,0.2075,0.2645,-0.0616,0.194,-0.0732
2026-02-04T17:17:42.339368,0.1348,0.2134,-0.0008,0.1027,0.0902
2026-02-04T17:17:43.341344,0.2193,0.1914,0.02,0.0754,0.1358
2026-02-04T17:17:44.343536,0.2017,0.2729,0.1158,0.1226,0.1405
2026-02-04T17:17:45.344502,0.2957,0.1703,-0.0946,0.0934,-0.0169
2026-02-04T17:17:46.346827,0.4254,0.2426,-0.0292,0.0249,0.0811
2026-02-04T17:17:47.347701,0.3784,0.2162,-0.0484,0.0323,0.0368
2026-02-04T17:17:48.348470,0.3022,0.2112,-0.0191,0.0761,-0.1407
2026-02-04T17:17:49.350097,0.3268,0.1923,-0.0438,0.0383,-0.1812
2026-02-04T17:17:50.351008,0.3413,0.2192,-0.2322,0.0796,-0.183
2026-02-04T17:17:51.352465,0.2131,0.2523,-0.256,0.0234,-0.1694
2026-02-04T17:17:52.355582,0.1652,0.2094,-0.0615,0.0435,-0.0033
2026-02-04T17:17:53.358065,0.2414,0.2222,0.0167,0.0322,0.1885
2026-02-04T17:17:54.358819,0.2722,0.2105,0.0765,-0.0183,0.2612
2026-02-04T17:17:55.359720,0.3302,0.1809,0.1178,-0.012,-0.0065
2026-02-04T17:17:56.360834,0.2962,0.2754,0.0511,0.0789,0.1276
2026-02-04T17:17:57.361967,0.3594,0.2732,0.0809,0.0683,0.1867
2026-02-04T17:17:58.364306,0.3243,0.223,0.0941,0.0829,0.1009
2026-02-04T17:17:59.366567,0.4158,0.3037,0.2682,0.2928,0.1888
2026-02-04T17:18:00.367257,0.3846,0.2531,0.0359,0.2173,0.0865
2026-02-04T17:18:01.368877,0.3169,0.3037,-0.0051,0.1253,0.1359
2026-02-04T17:18:02.370866,0.3208,0.266,-0.0649,0.037,0.1247
2026-02-04T17:18:03.372259,0.3933,0.2589,-0.0259,-0.0032,-0.0321
2026-02-04T17:18:04.373404,0.3988,0.192,0.0494,0.0131,0.0194
2026-02-04T17:22:54.189235,0.1974,0.2007,0.0016,0.1215,0.102
2026-02-04T17:22:55.664721,0.2382,0.2042,0.0002,0.0922,0.1078
2026-02-04T17:22:56.858739,0.2382,0.2042,0.0002,0.0922,0.1078
2026-02-04T17:22:58.082609,0.2382,0.2042,0.0002,0.0922,0.1078
2026-02-04T17:22:59.231397,0.2071,0.1913,0.0198,0.0922,0.1016
2026-02-04T17:23:00.360432,0.2071,0.1913,0.0198,0.1243,0.1016
2026-02-04T17:23:01.426938,0.1455,0.2099,-0.0526,0.1051,0.0188
2026-02-04T17:23:02.428020,0.158,0.187,-0.0788,0.0591,0.0622
2026-02-04T17:23:03.429473,0.2575,0.1683,-0.0171,0.1063,0.0928
2026-02-04T17:23:04.431167,0.2867,0.1502,0.0463,-0.0423,0.0665
2026-02-04T17:23:05.432706,0.232,0.168,0.0535,-0.047,0.1014
2026-02-04T17:23:06.433922,0.1698,0.1299,-0.027,-0.0346,0.1272
2026-02-04T17:23:07.447931,0.2459,0.1406,0.0106,-0.0597,0.0555
2026-02-04T17:23:08.451223,0.2205,0.0683,0.1446,-0.1324,0.1119
2026-02-04T17:23:09.452682,0.0761,0.0507,0.0565,-0.1287,0.0811
2026-02-04T17:23:10.453321,0.0681,0.0514,0.0775,-0.114,0.1322
2026-02-04T17:23:11.454634,0.0145,0.017,0.0971,-0.0965,0.1135
2026-02-04T17:23:12.456561,0.1433,0.034,0.0058,0.006,-0.1607
2026-02-04T17:23:13.458577,0.1222,0.0236,-0.1354,-0.064,-0.2152
2026-02-04T17:23:14.459487,0.0292,-0.0093,-0.0453,-0.0716,-0.1616
2026-02-04T17:23:15.460919,0.0538,-0.0232,-0.0495,-0.0755,-0.1495
2026-02-04T17:23:16.462131,0.0623,0.0058,-0.0349,-0.0535,-0.1484
2026-02-04T17:23:17.463752,0.0902,0.0095,-0.0291,-0.0893,-0.0502
2026-02-04T17:23:18.464807,0.0759,-0.0049,-0.0282,-0.0855,0.0116
2026-02-04T17:23:19.465873,0.0,-0.0195,-0.0231,-0.0572,-0.0482
2026-02-04T17:23:20.467024,0.0248,0.0777,-0.1569,-0.0082,-0.3408
2026-02-04T17:23:21.468876,0.0869,0.0268,-0.1223,-0.015,-0.1646
2026-02-04T17:23:22.469613,0.1298,0.0652,-0.1374,0.0053,-0.0983
2026-02-04T17:23:23.470688,0.1904,0.0515,-0.0638,-0.0081,-0.1103
2026-02-04T17:23:24.471386,0.1976,0.0584,-0.0491,-0.0461,-0.1116
2026-02-04T17:23:25.472438,0.0957,0.115,0.0098,-0.0714,0.0017
2026-02-04T17:23:26.474032,0.0689,0.1158,-0.0779,-0.0605,0.0004
2026-02-04T17:23:27.475592,0.0496,0.0648,-0.0218,-0.0722,-0.0292
2026-02-04T17:23:28.476336,0.0933,0.0272,0.0217,-0.0684,-0.0188
2026-02-04T17:23:29.477136,0.1131,0.0143,-0.0914,-0.096,-0.1918
2026-02-04T17:23:30.478240,0.0968,0.0301,-0.1177,-0.1107,-0.2614
2026-02-04T17:23:31.479418,0.0807,-0.0091,-0.1411,-0.0232,-0.2064
2026-02-04T17:23:32.480972,0.0825,-0.0496,-0.1262,-0.0868,-0.2067
2026-02-04T17:23:33.482915,0.0643,-0.0803,-0.1003,-0.115,-0.161
2026-02-04T17:23:34.483905,0.0223,-0.0912,-0.1268,-0.1059,-0.1974
2026-02-04T17:23:35.503431,0.0227,-0.0441,-0.2454,-0.105,-0.2348
2026-02-04T17:23:36.518577,0.0268,-0.0443,-0.2121,-0.0764,-0.2112
2026-02-04T17:23:37.521019,-0.006,-0.0378,-0.108,-0.0485,-0.1389
2026-02-04T17:23:38.521789,0.0424,-0.0613,-0.0955,-0.0698,-0.2028
2026-02-04T17:23:39.522459,0.0233,-0.0159,-0.0674,-0.0626,-0.1128
2026-02-04T17:23:40.523280,-0.0603,0.001,-0.0114,-0.0523,-0.1043
2026-02-04T17:23:41.524385,-0.0513,-0.0699,-0.0738,-0.0982,-0.1161
2026-02-04T17:23:42.525101,-0.0492,-0.0675,-0.0873,-0.0712,-0.0709
2026-02-04T17:23:43.525948,-0.0342,0.0525,-0.3005,-0.1374,-0.1842
2026-02-04T17:23:44.526802,0.0408,0.0739,-0.1433,-0.1277,-0.09
2026-02-04T17:23:45.528141,0.0814,0.0597,-0.1676,-0.1142,-0.0732
2026-02-04T17:23:46.528945,0.0928,0.0707,-0.2163,-0.1014,-0.114
2026-02-04T17:23:47.530207,0.0659,0.0747,-0.1528,-0.0848,-0.1738
2026-02-04T17:23:48.531562,0.0614,0.0437,-0.2086,-0.1059,-0.1641
2026-02-04T17:23:49.532007,0.0855,0.0342,-0.2361,-0.1435,-0.0499
2026-02-04T17:23:50.532642,0.23,0.1362,0.0446,-0.0113,0.1758
2026-02-04T17:23:51.533575,0.298,0.1321,0.1095,0.0413,0.1465
2026-02-04T17:23:52.534524,0.2605,0.1686,0.1789,0.0815,0.2375
2026-02-04T17:23:53.535954,0.5311,0.4311,0.4395,0.2295,0.4337
2026-02-04T17:23:54.536917,0.4535,0.361,0.4311,0.2409,0.4885
2026-02-04T17:23:55.538754,0.4116,0.3449,0.4551,0.2018,0.5059
2026-02-04T17:23:56.539952,0.3208,0.2276,0.3391,0.2452,0.3634
2026-02-04T17:23:57.540421,0.4647,0.2407,0.3155,0.1482,0.278
2026-02-04T17:23:58.541331,0.4774,0.292,0.4046,0.0835,0.3364
2026-02-04T17:23:59.541849,0.2822,0.1579,0.2461,0.0697,0.3339
2026-02-04T17:24:00.542313,0.3346,0.1114,0.276,0.0227,0.1867
2026-02-04T17:24:01.543312,0.3326,0.1178,0.2271,0.0022,0.2396
2026-02-04T17:24:02.544295,0.2148,0.0799,0.1135,-0.0002,0.0764
2026-02-04T17:24:03.545526,0.2397,0.1225,0.1253,-0.0215,0.1352
2026-02-04T17:24:04.547006,0.312,0.1482,0.2614,0.0179,0.2356
2026-02-04T17:24:05.549900,0.2876,0.1446,0.2612,0.0131,0.232
2026-02-04T17:24:06.552316,0.2951,0.1223,0.2282,0.0205,0.1908
2026-02-04T17:24:07.552816,0.265,0.109,0.212,-0.0084,0.1653
2026-02-04T17:24:08.553744,0.2916,0.1414,0.2589,0.0114,0.2148
2026-02-04T17:24:09.554559,0.339,0.1623,0.2732,0.0261,0.2354
2026-02-04T17:24:10.555950,0.3279,0.1672,0.2172,0.0384,0.2546
2026-02-04T17:24:11.556810,0.2289,0.1188,0.2152,0.0385,0.2298
2026-02-04T17:24:12.557783,0.3473,0.2503,0.1653,0.0611,0.1578
2026-02-04T17:24:13.558425,0.3027,0.2418,0.2773,0.0543,0.1443
2026-02-04T17:24:14.559556,0.3519,0.2398,0.3126,-0.0001,0.2549
2026-02-04T17:24:15.560511,0.3586,0.2012,0.254,-0.0136,0.1985
2026-02-04T17:24:16.561141,0.3049,0.1309,0.1106,0.0095,0.1401
2026-02-04T17:24:17.562472,0.249,0.1296,0.1022,-0.0199,0.1808
2026-02-04T17:24:18.563155,0.3358,0.1266,0.1122,-0.0123,0.1919
2026-02-04T17:24:19.564019,0.3409,0.1193,0.159,0.0131,0.1841
2026-02-04T17:24:20.565499,0.0362,0.0412,-0.0705,-0.0222,-0.0697
2026-02-04T17:24:21.566805,0.0493,0.0454,-0.0619,-0.0303,-0.119
2026-02-04T17:24:22.567992,0.0085,-0.0089,-0.0436,-0.0255,-0.0945
2026-02-04T17:24:23.569500,-0.0076,-0.0019,-0.1002,-0.0904,0.0393
2026-02-04T17:24:24.570083,0.1477,-0.0168,-0.0488,-0.1048,-0.0475
2026-02-04T17:24:25.570692,0.1488,0.0023,-0.0096,-0.0833,0.0592
2026-02-04T17:24:26.571797,0.0994,0.0508,0.0237,-0.1049,0.0468
2026-02-04T17:24:27.572611,0.1634,0.0583,-0.0139,-0.0827,0.0275
2026-02-04T17:24:28.573853,0.0147,0.0277,-0.0769,-0.0393,0.0655
2026-02-04T17:24:29.575321,0.1825,0.083,-0.0438,-0.0201,0.1017
2026-02-04T17:24:30.576099,0.1494,0.1357,0.0353,0.0765,0.1916
2026-02-04T17:24:31.577882,0.2576,0.0318,0.0567,-0.0341,0.1597
2026-02-04T17:24:32.579116,0.2452,0.0385,0.0828,-0.0554,0.201
2026-02-04T17:24:33.580679,0.2514,0.0339,0.0831,-0.0598,0.209
2026-02-04T17:24:34.581723,0.2159,0.0376,0.1301,-0.085,0.2354
2026-02-04T17:24:35.582704,0.1687,0.0717,0.1001,-0.0292,0.0821
2026-02-04T17:24:36.583547,0.1847,0.0773,0.0404,0.0258,0.0563
2026-02-04T17:24:37.584751,0.1049,0.0376,-0.0169,-0.0136,-0.0027
2026-02-04T17:24:38.585759,0.1515,0.0869,-0.0624,-0.001,-0.0271
2026-02-04T17:24:39.587149,0.0955,0.0957,-0.0572,-0.0637,0.0328
2026-02-04T17:24:40.599573,0.1023,0.1164,-0.0193,-0.041,0.0689
2026-02-04T17:24:41.618844,0.1742,0.1098,-0.0394,-0.0633,0.0683
2026-02-04T17:24:42.619793,0.1702,0.1098,-0.1193,-0.0046,0.0529
2026-02-04T17:24:43.620193,0.0924,0.1746,0.0251,0.0383,-0.1214
2026-02-04T17:24:44.622130,0.2035,0.1675,0.0408,0.0813,-0.0254
2026-02-04T17:24:45.622634,0.0817,0.0397,0.0268,-0.009,-0.0375
2026-02-04T17:24:46.624091,0.266,0.0732,0.0554,-0.0248,0.0093
2026-02-04T17:24:47.625435,0.297,0.0659,0.1274,-0.0249,0.1061
2026-02-04T17:24:48.626612,0.1187,0.004,0.0504,-0.0249,-0.0676
2026-02-04T17:24:49.627821,0.0882,0.0785,-0.0712,-0.0771,0.0692
2026-02-04T17:24:50.629170,0.0798,0.0336,-0.0721,-0.1229,0.0459
2026-02-04T17:24:51.630188,0.2346,0.0141,-0.0549,0.0052,-0.0035
2026-02-04T17:24:52.631307,0.3071,0.0648,0.0378,0.0256,0.0086
2026-02-04T17:24:53.632190,0.2748,0.0638,0.0729,-0.0264,0.0618
2026-02-04T17:24:54.657683,0.2667,0.0788,0.046,0.0111,0.0502
2026-02-04T17:24:55.736525,0.2593,0.0827,0.0775,0.0282,0.1163
2026-02-04T17:24:56.737613,0.2889,0.1221,0.0573,-0.016,0.1767
2026-02-04T17:24:57.738279,0.3043,0.1383,0.1145,-0.0288,0.0734
2026-02-04T17:24:58.739653,0.1201,0.0233,0.0658,-0.038,0.0357
2026-02-04T17:24:59.741101,0.2571,0.0548,0.0447,0.0312,0.1049
2026-02-04T17:25:00.742018,0.2547,0.0645,0.0375,0.008,0.1383
2026-02-04T17:25:01.742569,0.1709,0.1001,0.0592,-0.0388,0.1974
2026-02-04T17:25:02.743690,0.217,0.0554,0.127,-0.0236,0.1743
2026-02-04T17:25:03.745611,0.2225,0.0652,0.119,0.0011,0.1263
2026-02-04T17:25:04.747343,0.2101,0.0142,0.1074,-0.0001,0.1232
2026-02-04T17:25:05.752052,0.16,0.0087,0.0916,0.015,0.1186
2026-02-04T17:25:06.768451,0.1141,-0.0088,0.0662,-0.0174,0.1225
2026-02-04T17:25:07.769403,0.0918,-0.0203,-0.013,-0.0312,0.1165
2026-02-04T17:25:08.770922,0.1329,-0.0125,-0.0113,-0.0195,0.0946
2026-02-04T17:25:09.772311,0.145,-0.0093,0.0385,-0.0253,0.0578
2026-02-04T17:25:10.773080,0.1712,0.0043,-0.0096,-0.0388,0.016
2026-02-04T17:25:11.774094,0.1607,0.0591,-0.0771,-0.0456,-0.0187
2026-02-04T17:25:12.774531,0.1197,0.0752,-0.0428,-0.0081,0.1012
2026-02-04T17:25:13.776088,0.1019,0.0092,-0.0499,-0.0002,0.0405
2026-02-04T17:25:14.778321,0.0325,-0.0402,-0.0395,-0.0716,0.0011
2026-02-04T17:25:15.780028,0.1155,-0.0603,-0.033,-0.0804,0.0101
